Workbook

Sheet CourseProfile
A1: CLO-PLO Correlation
C2: C | D2: A | E2: P | F2: S
A3: CLO1
A4: CLO2
A5: CLO4 | B5: CLO Description | H5: Bloom’s Learning Levels | L5: PLO Assessed | M5: CLO-PLO Correlation
H6: C | I6: A | J6: P | K6: S
A7: CLO5
A8: CLO2
A9: CLO3
A10: CLO4
A11: CLO5
A12: CLO6

Sheet CT
A1: =CourseProfile!A1 -> CSE 2203+CSE 2204: Microprocessor and Microcontroller
A2: Allocated Marks for Class Tests
B3: CO mapping of Class Test Marks
B4: CT1 | E4: CT2 | H4: CT3
A5: CO No. | B5: Q1 | C5: Q2 | D5: Q3 | E5: Q1 | F5: Q2 | G5: Q3 | H5: Q1 | I5: Q2 | J5: Q3 | K5: CO Total | M5: CT Taken | Q5: =SUM(IF(D13>0,1,0),IF(G13>0,1,0),IF(J13>0,1,0)) -> 0
A6: CO1 | K6: =SUM(B6:J6) -> 0 | M6: CO Mapped CT Marks out of 60
A7: CO2 | K7: =SUM(B7:J7) -> 0 | M7: Use Eq. Wt for each CT | Q7: 0
A8: CO3 | K8: =SUM(B8:J8) -> 0
A9: CO4 | K9: =SUM(B9:J9) -> 0
A10: CO5 | K10: =SUM(B10:J10) -> 0 | X10: Don’t edit green/blue highlighted area
A11: CO6 | K11: =SUM(B11:J11) -> 0
A12: CT Total | B12: =SUM(B6:B10) -> 0 | C12: =SUM(C6:C10) -> 0 | D12: =SUM(D6:D10) -> 0 | E12: =SUM(E6:E10) -> 0 | F12: =SUM(F6:F10) -> 0 | G12: =SUM(G6:G10) -> 0 | H12: =SUM(H6:H10) -> 0 | I12: =SUM(I6:I10) -> 0 | J12: =SUM(J6:J10) -> 0 | K12: =SUM(K6:K11) -> 0
D13: =SUM(B12:D12) -> 0 | G13: =SUM(E12:G12) -> 0 | J13: =SUM(H12:J12) -> 0
A14: Factor | B14: =IFERROR(IF($Q$7,B15,B16)/D13,0) -> 0 | E14: =IFERROR(IF($Q$7,E15,E16)/G13,0) -> 0 | H14: =IFERROR(IF($Q$7,H15,H16)/J13,0) -> 0
A15: Eq. Wt | B15: =IF(D13,$Q$6/$Q$5,0) -> 0 | E15: =IF(G13,$Q$6/$Q$5,0) -> 0 | H15: =IF(J13,$Q$6/$Q$5,0) -> 0 | K15: =SUM(B15:J15) -> 0
A16: Manual Wt | K16: =SUM(B16:J16) -> 0 | L16: =IF(K16<>$Q$6,IF(Q7=0,"Sum should be "&$Q$6,"Sum should be "&$Q$6 &", you can ignore as Eq. wt=1"),"ok") -> ok
A18: CO No. | B18: =B3&" out of "&Q6 -> CO mapping of Class Test Marks out of | M18: CO No. | N18: ="CO wise multiplication factor out of " &Q6 -> CO wise multiplication factor out of
B19: =B4 -> CT1 | E19: =E4 -> CT2 | H19: =H4 -> CT3 | K19: CO Total | N19: =B4 -> CT1 | Q19: =E4 -> CT2 | T19: =H4 -> CT3
B20: =B5 -> Q1 | C20: =C5 -> Q2 | D20: =D5 -> Q3 | E20: =E5 -> Q1 | F20: =F5 -> Q2 | G20: =G5 -> Q3 | H20: =H5 -> Q1 | I20: =I5 -> Q2 | J20: =J5 -> Q3 | N20: =B5 -> Q1 | O20: =C5 -> Q2 | P20: =D5 -> Q3 | Q20: =E5 -> Q1 | R20: =F5 -> Q2 | S20: =G5 -> Q3 | T20: =H5 -> Q1 | U20: =I5 -> Q2 | V20: =J5 -> Q3
A21: CO1 | B21: =IFERROR(B6*$B$14,0) -> 0 | C21: =IFERROR(C6*$B$14,0) -> 0 | D21: =IFERROR(D6*$B$14,0) -> 0 | E21: =IFERROR(E6*$E$14,0) -> 0 | F21: =IFERROR(F6*$E$14,0) -> 0 | G21: =IFERROR(G6*$E$14,0) -> 0 | H21: =IFERROR(H6*$H$14,0) -> 0 | I21: =IFERROR(I6*$H$14,0) -> 0 | J21: =IFERROR(J6*$H$14,0) -> 0 | K21: =ROUND(SUM(B21:J21),2) -> 0 | M21: CO1 | N21: =IFERROR(B21/B6,0) -> 0 | O21: =IFERROR(C21/C6,0) -> 0 | P21: =IFERROR(D21/D6,0) -> 0 | Q21: =IFERROR(E21/E6,0) -> 0 | R21: =IFERROR(F21/F6,0) -> 0 | S21: =IFERROR(G21/G6,0) -> 0 | T21: =IFERROR(H21/H6,0) -> 0 | U21: =IFERROR(I21/I6,0) -> 0 | V21: =IFERROR(J21/J6,0) -> 0
A22: CO2 | B22: =IFERROR(B7*$B$14,0) -> 0 | C22: =IFERROR(C7*$B$14,0) -> 0 | D22: =IFERROR(D7*$B$14,0) -> 0 | E22: =IFERROR(E7*$E$14,0) -> 0 | F22: =IFERROR(F7*$E$14,0) -> 0 | G22: =IFERROR(G7*$E$14,0) -> 0 | H22: =IFERROR(H7*$H$14,0) -> 0 | I22: =IFERROR(I7*$H$14,0) -> 0 | J22: =IFERROR(J7*$H$14,0) -> 0 | K22: =ROUND(SUM(B22:J22),2) -> 0 | M22: CO2 | N22: =IFERROR(B22/B7,0) -> 0 | O22: =IFERROR(C22/C7,0) -> 0 | P22: =IFERROR(D22/D7,0) -> 0 | Q22: =IFERROR(E22/E7,0) -> 0 | R22: =IFERROR(F22/F7,0) -> 0 | S22: =IFERROR(G22/G7,0) -> 0 | T22: =IFERROR(H22/H7,0) -> 0 | U22: =IFERROR(I22/I7,0) -> 0 | V22: =IFERROR(J22/J7,0) -> 0
A23: CO3 | B23: =IFERROR(B8*$B$14,0) -> 0 | C23: =IFERROR(C8*$B$14,0) -> 0 | D23: =IFERROR(D8*$B$14,0) -> 0 | E23: =IFERROR(E8*$E$14,0) -> 0 | F23: =IFERROR(F8*$E$14,0) -> 0 | G23: =IFERROR(G8*$E$14,0) -> 0 | H23: =IFERROR(H8*$H$14,0) -> 0 | I23: =IFERROR(I8*$H$14,0) -> 0 | J23: =IFERROR(J8*$H$14,0) -> 0 | K23: =ROUND(SUM(B23:J23),2) -> 0 | M23: CO3 | N23: =IFERROR(B23/B8,0) -> 0 | O23: =IFERROR(C23/C8,0) -> 0 | P23: =IFERROR(D23/D8,0) -> 0 | Q23: =IFERROR(E23/E8,0) -> 0 | R23: =IFERROR(F23/F8,0) -> 0 | S23: =IFERROR(G23/G8,0) -> 0 | T23: =IFERROR(H23/H8,0) -> 0 | U23: =IFERROR(I23/I8,0) -> 0 | V23: =IFERROR(J23/J8,0) -> 0
A24: CO4 | B24: =IFERROR(B9*$B$14,0) -> 0 | C24: =IFERROR(C9*$B$14,0) -> 0 | D24: =IFERROR(D9*$B$14,0) -> 0 | E24: =IFERROR(E9*$E$14,0) -> 0 | F24: =IFERROR(F9*$E$14,0) -> 0 | G24: =IFERROR(G9*$E$14,0) -> 0 | H24: =IFERROR(H9*$H$14,0) -> 0 | I24: =IFERROR(I9*$H$14,0) -> 0 | J24: =IFERROR(J9*$H$14,0) -> 0 | K24: =ROUND(SUM(B24:J24),2) -> 0 | M24: CO4 | N24: =IFERROR(B24/B9,0) -> 0 | O24: =IFERROR(C24/C9,0) -> 0 | P24: =IFERROR(D24/D9,0) -> 0 | Q24: =IFERROR(E24/E9,0) -> 0 | R24: =IFERROR(F24/F9,0) -> 0 | S24: =IFERROR(G24/G9,0) -> 0 | T24: =IFERROR(H24/H9,0) -> 0 | U24: =IFERROR(I24/I9,0) -> 0 | V24: =IFERROR(J24/J9,0) -> 0
A25: CO5 | B25: =IFERROR(B10*$B$14,0) -> 0 | C25: =IFERROR(C10*$B$14,0) -> 0 | D25: =IFERROR(D10*$B$14,0) -> 0 | E25: =IFERROR(E10*$E$14,0) -> 0 | F25: =IFERROR(F10*$E$14,0) -> 0 | G25: =IFERROR(G10*$E$14,0) -> 0 | H25: =IFERROR(H10*$H$14,0) -> 0 | I25: =IFERROR(I10*$H$14,0) -> 0 | J25: =IFERROR(J10*$H$14,0) -> 0 | K25: =ROUND(SUM(B25:J25),2) -> 0 | M25: CO5 | N25: =IFERROR(B25/B10,0) -> 0 | O25: =IFERROR(C25/C10,0) -> 0 | P25: =IFERROR(D25/D10,0) -> 0 | Q25: =IFERROR(E25/E10,0) -> 0 | R25: =IFERROR(F25/F10,0) -> 0 | S25: =IFERROR(G25/G10,0) -> 0 | T25: =IFERROR(H25/H10,0) -> 0 | U25: =IFERROR(I25/I10,0) -> 0 | V25: =IFERROR(J25/J10,0) -> 0
A26: CO6 | B26: =IFERROR(B11*$B$14,0) -> 0 | C26: =IFERROR(C11*$B$14,0) -> 0 | D26: =IFERROR(D11*$B$14,0) -> 0 | E26: =IFERROR(E11*$E$14,0) -> 0 | F26: =IFERROR(F11*$E$14,0) -> 0 | G26: =IFERROR(G11*$E$14,0) -> 0 | H26: =IFERROR(H11*$H$14,0) -> 0 | I26: =IFERROR(I11*$H$14,0) -> 0 | J26: =IFERROR(J11*$H$14,0) -> 0 | K26: =ROUND(SUM(B26:J26),2) -> 0 | M26: CO6 | N26: =IFERROR(B26/B11,0) -> 0 | O26: =IFERROR(C26/C11,0) -> 0 | P26: =IFERROR(D26/D11,0) -> 0 | Q26: =IFERROR(E26/E11,0) -> 0 | R26: =IFERROR(F26/F11,0) -> 0 | S26: =IFERROR(G26/G11,0) -> 0 | T26: =IFERROR(H26/H11,0) -> 0 | U26: =IFERROR(I26/I11,0) -> 0 | V26: =IFERROR(J26/J11,0) -> 0
K27: =SUM(K21:K26) -> 0 | L27: =IF(K27<>$Q$6,"Should be "&$Q$6,"ok") -> ok
A28: Obtained Marks for Class Tests | M28: =IF(K27<>Q6,"CT marks mismatch, check "&ADDRESS(ROW(K27),COLUMN(K27),4)&"and manual wt sum","CT marks okay") -> CT marks okay
A29: Roll | B29: ="Class Test marks obtained out of "&K12 -> Class Test marks obtained out of 0 | M29: ="CO wise obtained marks out of " &K12 -> CO wise obtained marks out of 0 | T29: ="CO wise obtained marks out of " &K27 -> CO wise obtained marks out of 0
B30: =B4&" ("&D13 &")" -> CT1 (0) | E30: =E4&" ("&G13 &")" -> CT2 (0) | H30: =H4&" ("&J13 &")" -> CT3 (0) | K30: ="Total ("&K12&")" -> Total (0) | M30: CO1 | N30: CO2 | O30: CO3 | P30: CO4 | Q30: CO5 | R30: CO6 | T30: CO1 | U30: CO2 | V30: CO3 | W30: CO4 | X30: CO5 | Y30: CO6
B31: =B20 -> Q1 | C31: =C20 -> Q2 | D31: =D20 -> Q3 | E31: =E20 -> Q1 | F31: =F20 -> Q2 | G31: =G20 -> Q3 | H31: =H20 -> Q1 | I31: =I20 -> Q2 | J31: =J20 -> Q3 | M31: ="("&K6&")" -> (0) | N31: ="("&K7&")" -> (0) | O31: ="("&K8&")" -> (0) | P31: ="("&K9&")" -> (0) | Q31: ="("&K10&")" -> (0) | R31: ="("&K11&")" -> (0) | T31: ="("&K21&")" -> (0) | U31: ="("&K22&")" -> (0) | V31: ="("&K23&")" -> (0) | W31: ="("&K24&")" -> (0) | X31: ="("&K25&")" -> (0) | Y31: ="("&K26&")" -> (0)
K32: =SUM(B32:J32) -> 0 | M32: =IF(ISBLANK($A32),"",SUMIF($B$6:$J$6,">0",$B32:$J32)) | N32: =IF(ISBLANK($A32),"",SUMIF($B$7:$J$7,">0",$B32:$J32)) | O32: =IF(ISBLANK($A32),"",SUMIF($B$8:$J$8,">0",$B32:$J32)) | P32: =IF(ISBLANK($A32),"",SUMIF($B$9:$J$9,">0",$B32:$J32)) | Q32: =IF(ISBLANK($A32),"",SUMIF($B$10:$J$10,">0",$B32:$J32)) | R32: =IF(ISBLANK($A32),"",SUMIF($B$11:$J$11,">0",$B32:$J32)) | T32: =IF(ISBLANK($A32),"",SUMPRODUCT($B32:$J32,$N$21:$V$21)) | U32: =IF(ISBLANK($A32),"",SUMPRODUCT($B32:$J32,$N$22:$V$22)) | V32: =IF(ISBLANK($A32),"",SUMPRODUCT($B32:$J32,$N$23:$V$23)) | W32: =IF(ISBLANK($A32),"",SUMPRODUCT($B32:$J32,$N$24:$V$24)) | X32: =IF(ISBLANK($A32),"",SUMPRODUCT($B32:$J32,$N$25:$V$25)) | Y32: =IF(ISBLANK($A32),"",SUMPRODUCT($B32:$J32,$N$26:$V$26))
K33: =SUM(B33:J33) -> 0 | M33: =IF(ISBLANK($A33),"",SUMIF($B$6:$J$6,">0",$B33:$J33)) | N33: =IF(ISBLANK($A33),"",SUMIF($B$7:$J$7,">0",$B33:$J33)) | O33: =IF(ISBLANK($A33),"",SUMIF($B$8:$J$8,">0",$B33:$J33)) | P33: =IF(ISBLANK($A33),"",SUMIF($B$9:$J$9,">0",$B33:$J33)) | Q33: =IF(ISBLANK($A33),"",SUMIF($B$10:$J$10,">0",$B33:$J33)) | R33: =IF(ISBLANK($A33),"",SUMIF($B$11:$J$11,">0",$B33:$J33)) | T33: =IF(ISBLANK($A33),"",SUMPRODUCT($B33:$J33,$N$21:$V$21)) | U33: =IF(ISBLANK($A33),"",SUMPRODUCT($B33:$J33,$N$22:$V$22)) | V33: =IF(ISBLANK($A33),"",SUMPRODUCT($B33:$J33,$N$23:$V$23)) | W33: =IF(ISBLANK($A33),"",SUMPRODUCT($B33:$J33,$N$24:$V$24)) | X33: =IF(ISBLANK($A33),"",SUMPRODUCT($B33:$J33,$N$25:$V$25)) | Y33: =IF(ISBLANK($A33),"",SUMPRODUCT($B33:$J33,$N$26:$V$26))
K34: =SUM(B34:J34) -> 0 | M34: =IF(ISBLANK($A34),"",SUMIF($B$6:$J$6,">0",$B34:$J34)) | N34: =IF(ISBLANK($A34),"",SUMIF($B$7:$J$7,">0",$B34:$J34)) | O34: =IF(ISBLANK($A34),"",SUMIF($B$8:$J$8,">0",$B34:$J34)) | P34: =IF(ISBLANK($A34),"",SUMIF($B$9:$J$9,">0",$B34:$J34)) | Q34: =IF(ISBLANK($A34),"",SUMIF($B$10:$J$10,">0",$B34:$J34)) | R34: =IF(ISBLANK($A34),"",SUMIF($B$11:$J$11,">0",$B34:$J34)) | T34: =IF(ISBLANK($A34),"",SUMPRODUCT($B34:$J34,$N$21:$V$21)) | U34: =IF(ISBLANK($A34),"",SUMPRODUCT($B34:$J34,$N$22:$V$22)) | V34: =IF(ISBLANK($A34),"",SUMPRODUCT($B34:$J34,$N$23:$V$23)) | W34: =IF(ISBLANK($A34),"",SUMPRODUCT($B34:$J34,$N$24:$V$24)) | X34: =IF(ISBLANK($A34),"",SUMPRODUCT($B34:$J34,$N$25:$V$25)) | Y34: =IF(ISBLANK($A34),"",SUMPRODUCT($B34:$J34,$N$26:$V$26))
K35: =SUM(B35:J35) -> 0 | M35: =IF(ISBLANK($A35),"",SUMIF($B$6:$J$6,">0",$B35:$J35)) | N35: =IF(ISBLANK($A35),"",SUMIF($B$7:$J$7,">0",$B35:$J35)) | O35: =IF(ISBLANK($A35),"",SUMIF($B$8:$J$8,">0",$B35:$J35)) | P35: =IF(ISBLANK($A35),"",SUMIF($B$9:$J$9,">0",$B35:$J35)) | Q35: =IF(ISBLANK($A35),"",SUMIF($B$10:$J$10,">0",$B35:$J35)) | R35: =IF(ISBLANK($A35),"",SUMIF($B$11:$J$11,">0",$B35:$J35)) | T35: =IF(ISBLANK($A35),"",SUMPRODUCT($B35:$J35,$N$21:$V$21)) | U35: =IF(ISBLANK($A35),"",SUMPRODUCT($B35:$J35,$N$22:$V$22)) | V35: =IF(ISBLANK($A35),"",SUMPRODUCT($B35:$J35,$N$23:$V$23)) | W35: =IF(ISBLANK($A35),"",SUMPRODUCT($B35:$J35,$N$24:$V$24)) | X35: =IF(ISBLANK($A35),"",SUMPRODUCT($B35:$J35,$N$25:$V$25)) | Y35: =IF(ISBLANK($A35),"",SUMPRODUCT($B35:$J35,$N$26:$V$26))
K36: =SUM(B36:J36) -> 0 | M36: =IF(ISBLANK($A36),"",SUMIF($B$6:$J$6,">0",$B36:$J36)) | N36: =IF(ISBLANK($A36),"",SUMIF($B$7:$J$7,">0",$B36:$J36)) | O36: =IF(ISBLANK($A36),"",SUMIF($B$8:$J$8,">0",$B36:$J36)) | P36: =IF(ISBLANK($A36),"",SUMIF($B$9:$J$9,">0",$B36:$J36)) | Q36: =IF(ISBLANK($A36),"",SUMIF($B$10:$J$10,">0",$B36:$J36)) | R36: =IF(ISBLANK($A36),"",SUMIF($B$11:$J$11,">0",$B36:$J36)) | T36: =IF(ISBLANK($A36),"",SUMPRODUCT($B36:$J36,$N$21:$V$21)) | U36: =IF(ISBLANK($A36),"",SUMPRODUCT($B36:$J36,$N$22:$V$22)) | V36: =IF(ISBLANK($A36),"",SUMPRODUCT($B36:$J36,$N$23:$V$23)) | W36: =IF(ISBLANK($A36),"",SUMPRODUCT($B36:$J36,$N$24:$V$24)) | X36: =IF(ISBLANK($A36),"",SUMPRODUCT($B36:$J36,$N$25:$V$25)) | Y36: =IF(ISBLANK($A36),"",SUMPRODUCT($B36:$J36,$N$26:$V$26))
K37: =SUM(B37:J37) -> 0 | M37: =IF(ISBLANK($A37),"",SUMIF($B$6:$J$6,">0",$B37:$J37)) | N37: =IF(ISBLANK($A37),"",SUMIF($B$7:$J$7,">0",$B37:$J37)) | O37: =IF(ISBLANK($A37),"",SUMIF($B$8:$J$8,">0",$B37:$J37)) | P37: =IF(ISBLANK($A37),"",SUMIF($B$9:$J$9,">0",$B37:$J37)) | Q37: =IF(ISBLANK($A37),"",SUMIF($B$10:$J$10,">0",$B37:$J37)) | R37: =IF(ISBLANK($A37),"",SUMIF($B$11:$J$11,">0",$B37:$J37)) | T37: =IF(ISBLANK($A37),"",SUMPRODUCT($B37:$J37,$N$21:$V$21)) | U37: =IF(ISBLANK($A37),"",SUMPRODUCT($B37:$J37,$N$22:$V$22)) | V37: =IF(ISBLANK($A37),"",SUMPRODUCT($B37:$J37,$N$23:$V$23)) | W37: =IF(ISBLANK($A37),"",SUMPRODUCT($B37:$J37,$N$24:$V$24)) | X37: =IF(ISBLANK($A37),"",SUMPRODUCT($B37:$J37,$N$25:$V$25)) | Y37: =IF(ISBLANK($A37),"",SUMPRODUCT($B37:$J37,$N$26:$V$26))
K38: =SUM(B38:J38) -> 0 | M38: =IF(ISBLANK($A38),"",SUMIF($B$6:$J$6,">0",$B38:$J38)) | N38: =IF(ISBLANK($A38),"",SUMIF($B$7:$J$7,">0",$B38:$J38)) | O38: =IF(ISBLANK($A38),"",SUMIF($B$8:$J$8,">0",$B38:$J38)) | P38: =IF(ISBLANK($A38),"",SUMIF($B$9:$J$9,">0",$B38:$J38)) | Q38: =IF(ISBLANK($A38),"",SUMIF($B$10:$J$10,">0",$B38:$J38)) | R38: =IF(ISBLANK($A38),"",SUMIF($B$11:$J$11,">0",$B38:$J38)) | T38: =IF(ISBLANK($A38),"",SUMPRODUCT($B38:$J38,$N$21:$V$21)) | U38: =IF(ISBLANK($A38),"",SUMPRODUCT($B38:$J38,$N$22:$V$22)) | V38: =IF(ISBLANK($A38),"",SUMPRODUCT($B38:$J38,$N$23:$V$23)) | W38: =IF(ISBLANK($A38),"",SUMPRODUCT($B38:$J38,$N$24:$V$24)) | X38: =IF(ISBLANK($A38),"",SUMPRODUCT($B38:$J38,$N$25:$V$25)) | Y38: =IF(ISBLANK($A38),"",SUMPRODUCT($B38:$J38,$N$26:$V$26))
K39: =SUM(B39:J39) -> 0 | M39: =IF(ISBLANK($A39),"",SUMIF($B$6:$J$6,">0",$B39:$J39)) | N39: =IF(ISBLANK($A39),"",SUMIF($B$7:$J$7,">0",$B39:$J39)) | O39: =IF(ISBLANK($A39),"",SUMIF($B$8:$J$8,">0",$B39:$J39)) | P39: =IF(ISBLANK($A39),"",SUMIF($B$9:$J$9,">0",$B39:$J39)) | Q39: =IF(ISBLANK($A39),"",SUMIF($B$10:$J$10,">0",$B39:$J39)) | R39: =IF(ISBLANK($A39),"",SUMIF($B$11:$J$11,">0",$B39:$J39)) | T39: =IF(ISBLANK($A39),"",SUMPRODUCT($B39:$J39,$N$21:$V$21)) | U39: =IF(ISBLANK($A39),"",SUMPRODUCT($B39:$J39,$N$22:$V$22)) | V39: =IF(ISBLANK($A39),"",SUMPRODUCT($B39:$J39,$N$23:$V$23)) | W39: =IF(ISBLANK($A39),"",SUMPRODUCT($B39:$J39,$N$24:$V$24)) | X39: =IF(ISBLANK($A39),"",SUMPRODUCT($B39:$J39,$N$25:$V$25)) | Y39: =IF(ISBLANK($A39),"",SUMPRODUCT($B39:$J39,$N$26:$V$26))
K40: =SUM(B40:J40) -> 0 | M40: =IF(ISBLANK($A40),"",SUMIF($B$6:$J$6,">0",$B40:$J40)) | N40: =IF(ISBLANK($A40),"",SUMIF($B$7:$J$7,">0",$B40:$J40)) | O40: =IF(ISBLANK($A40),"",SUMIF($B$8:$J$8,">0",$B40:$J40)) | P40: =IF(ISBLANK($A40),"",SUMIF($B$9:$J$9,">0",$B40:$J40)) | Q40: =IF(ISBLANK($A40),"",SUMIF($B$10:$J$10,">0",$B40:$J40)) | R40: =IF(ISBLANK($A40),"",SUMIF($B$11:$J$11,">0",$B40:$J40)) | T40: =IF(ISBLANK($A40),"",SUMPRODUCT($B40:$J40,$N$21:$V$21)) | U40: =IF(ISBLANK($A40),"",SUMPRODUCT($B40:$J40,$N$22:$V$22)) | V40: =IF(ISBLANK($A40),"",SUMPRODUCT($B40:$J40,$N$23:$V$23)) | W40: =IF(ISBLANK($A40),"",SUMPRODUCT($B40:$J40,$N$24:$V$24)) | X40: =IF(ISBLANK($A40),"",SUMPRODUCT($B40:$J40,$N$25:$V$25)) | Y40: =IF(ISBLANK($A40),"",SUMPRODUCT($B40:$J40,$N$26:$V$26))
K41: =SUM(B41:J41) -> 0 | M41: =IF(ISBLANK($A41),"",SUMIF($B$6:$J$6,">0",$B41:$J41)) | N41: =IF(ISBLANK($A41),"",SUMIF($B$7:$J$7,">0",$B41:$J41)) | O41: =IF(ISBLANK($A41),"",SUMIF($B$8:$J$8,">0",$B41:$J41)) | P41: =IF(ISBLANK($A41),"",SUMIF($B$9:$J$9,">0",$B41:$J41)) | Q41: =IF(ISBLANK($A41),"",SUMIF($B$10:$J$10,">0",$B41:$J41)) | R41: =IF(ISBLANK($A41),"",SUMIF($B$11:$J$11,">0",$B41:$J41)) | T41: =IF(ISBLANK($A41),"",SUMPRODUCT($B41:$J41,$N$21:$V$21)) | U41: =IF(ISBLANK($A41),"",SUMPRODUCT($B41:$J41,$N$22:$V$22)) | V41: =IF(ISBLANK($A41),"",SUMPRODUCT($B41:$J41,$N$23:$V$23)) | W41: =IF(ISBLANK($A41),"",SUMPRODUCT($B41:$J41,$N$24:$V$24)) | X41: =IF(ISBLANK($A41),"",SUMPRODUCT($B41:$J41,$N$25:$V$25)) | Y41: =IF(ISBLANK($A41),"",SUMPRODUCT($B41:$J41,$N$26:$V$26))
K42: =SUM(B42:J42) -> 0 | M42: =IF(ISBLANK($A42),"",SUMIF($B$6:$J$6,">0",$B42:$J42)) | N42: =IF(ISBLANK($A42),"",SUMIF($B$7:$J$7,">0",$B42:$J42)) | O42: =IF(ISBLANK($A42),"",SUMIF($B$8:$J$8,">0",$B42:$J42)) | P42: =IF(ISBLANK($A42),"",SUMIF($B$9:$J$9,">0",$B42:$J42)) | Q42: =IF(ISBLANK($A42),"",SUMIF($B$10:$J$10,">0",$B42:$J42)) | R42: =IF(ISBLANK($A42),"",SUMIF($B$11:$J$11,">0",$B42:$J42)) | T42: =IF(ISBLANK($A42),"",SUMPRODUCT($B42:$J42,$N$21:$V$21)) | U42: =IF(ISBLANK($A42),"",SUMPRODUCT($B42:$J42,$N$22:$V$22)) | V42: =IF(ISBLANK($A42),"",SUMPRODUCT($B42:$J42,$N$23:$V$23)) | W42: =IF(ISBLANK($A42),"",SUMPRODUCT($B42:$J42,$N$24:$V$24)) | X42: =IF(ISBLANK($A42),"",SUMPRODUCT($B42:$J42,$N$25:$V$25)) | Y42: =IF(ISBLANK($A42),"",SUMPRODUCT($B42:$J42,$N$26:$V$26))
K43: =SUM(B43:J43) -> 0 | M43: =IF(ISBLANK($A43),"",SUMIF($B$6:$J$6,">0",$B43:$J43)) | N43: =IF(ISBLANK($A43),"",SUMIF($B$7:$J$7,">0",$B43:$J43)) | O43: =IF(ISBLANK($A43),"",SUMIF($B$8:$J$8,">0",$B43:$J43)) | P43: =IF(ISBLANK($A43),"",SUMIF($B$9:$J$9,">0",$B43:$J43)) | Q43: =IF(ISBLANK($A43),"",SUMIF($B$10:$J$10,">0",$B43:$J43)) | R43: =IF(ISBLANK($A43),"",SUMIF($B$11:$J$11,">0",$B43:$J43)) | T43: =IF(ISBLANK($A43),"",SUMPRODUCT($B43:$J43,$N$21:$V$21)) | U43: =IF(ISBLANK($A43),"",SUMPRODUCT($B43:$J43,$N$22:$V$22)) | V43: =IF(ISBLANK($A43),"",SUMPRODUCT($B43:$J43,$N$23:$V$23)) | W43: =IF(ISBLANK($A43),"",SUMPRODUCT($B43:$J43,$N$24:$V$24)) | X43: =IF(ISBLANK($A43),"",SUMPRODUCT($B43:$J43,$N$25:$V$25)) | Y43: =IF(ISBLANK($A43),"",SUMPRODUCT($B43:$J43,$N$26:$V$26))
... K156: =SUM(B156:J156) -> 0 | M156: =IF(ISBLANK($A156),"",SUMIF($B$6:$J$6,">0",$B156:$J156)) | N156: =IF(ISBLANK($A156),"",SUMIF($B$7:$J$7,">0",$B156:$J156)) | O156: =IF(ISBLANK($A156),"",SUMIF($B$8:$J$8,">0",$B156:$J156)) | P156: =IF(ISBLANK($A156),"",SUMIF($B$9:$J$9,">0",$B156:$J156)) | Q156: =IF(ISBLANK($A156),"",SUMIF($B$10:$J$10,">0",$B156:$J156)) | R156: =IF(ISBLANK($A156),"",SUMIF($B$11:$J$11,">0",$B156:$J156)) | T156: =IF(ISBLANK($A156),"",SUMPRODUCT($B156:$J156,$N$21:$V$21)) | U156: =IF(ISBLANK($A156),"",SUMPRODUCT($B156:$J156,$N$22:$V$22)) | V156: =IF(ISBLANK($A156),"",SUMPRODUCT($B156:$J156,$N$23:$V$23)) | W156: =IF(ISBLANK($A156),"",SUMPRODUCT($B156:$J156,$N$24:$V$24)) | X156: =IF(ISBLANK($A156),"",SUMPRODUCT($B156:$J156,$N$25:$V$25)) | Y156: =IF(ISBLANK($A156),"",SUMPRODUCT($B156:$J156,$N$26:$V$26))

Sheet Attn_Assign
A1: =CT!A1 -> CSE 2203+CSE 2204: Microprocessor and Microcontroller
A2: Allocated Marks for Attendance and Assignment (if taken)
B3: Attn. Perf. | C3: CO mapping of Assingment Marks | T3: Don’t edit green/blue highlighted area
C4: Assignment1 | F4: Assignment2 | I4: Assignment3
A5: CO No. | C5: Q1 | D5: Q2 | E5: Q3 | F5: Q1 | G5: Q2 | H5: Q3 | I5: Q1 | J5: Q2 | K5: Q3 | L5: CO Total | N5: Assign. Taken | R5: =SUM(IF(H13>0,1,0),IF(K13>0,1,0),IF(E13>0,1,0)) -> 0
A6: CO1 | B6: … | L6: =SUM(C6:K6) -> 0 | N6: Assignmnt Marks out of 30
A7: CO2 | B7: … | L7: =SUM(C7:K7) -> 0 | N7: Use Eq. Wt | R7: 0
A8: CO3 | B8: … | L8: =SUM(C8:K8) -> 0
A9: CO4 | B9: … | L9: =SUM(C9:K9) -> 0
A10: CO5 | B10: … | L10: =SUM(C10:K10) -> 0
A11: CO6 | B11: … | L11: =SUM(C11:K11) -> 0
A12: Assign Total | C12: =SUM(C6:C10) -> 0 | D12: =SUM(D6:D10) -> 0 | E12: =SUM(E6:E10) -> 0 | F12: =SUM(F6:F10) -> 0 | G12: =SUM(G6:G10) -> 0 | H12: =SUM(H6:H10) -> 0 | I12: =SUM(I6:I10) -> 0 | J12: =SUM(J6:J10) -> 0 | K12: =SUM(K6:K10) -> 0 | L12: =SUM(L6:L11) -> 0
E13: =SUM(C12:E12) -> 0 | H13: =SUM(F12:H12) -> 0 | K13: =SUM(I12:K12) -> 0
A14: Factor | C14: =IFERROR(IF($R$7,C15,C16)/E13,0) -> 0 | F14: =IFERROR(IF($R$7,F15,F16)/H13,0) -> 0 | I14: =IFERROR(IF($R$7,I15,I16)/K13,0) -> 0
A15: Eq. Wt | C15: =IF(E13,$R$6/$R$5,0) -> 0 | F15: =IF(H13,$R$6/$R$5,0) -> 0 | I15: =IF(K13,$R$6/$R$5,0) -> 0 | L15: =SUM(C15:K15) -> 0
A16: Manual Wt | L16: =SUM(C16:K16) -> 0 | M16: =IF(L16<>$R$6,IF(R7=0,"Sum should be "&$R$6,"Sum should be "&$R$6 &", you can ignore as Eq. wt=1"),"ok") -> ok
A18: CO No. | B18: =B3 -> Attn. Perf. | C18: =C3&" out of "&R6 -> CO mapping of Assingment Marks out of | L18: CO Total | N18: CO No. | O18: ="CO wise multiplication factor out of " &R6 -> CO wise multiplication factor out of
C19: =C4 -> Assignment1 | F19: =F4 -> Assignment2 | I19: =I4 -> Assignment3 | O19: =C4 -> Assignment1 | R19: =F4 -> Assignment2 | U19: =I4 -> Assignment3
C20: =C5 -> Q1 | D20: =D5 -> Q2 | E20: =E5 -> Q3 | F20: =F5 -> Q1 | G20: =G5 -> Q2 | H20: =H5 -> Q3 | I20: =I5 -> Q1 | J20: =J5 -> Q2 | K20: =K5 -> Q3 | O20: Q1 | P20: Q2 | Q20: Total | R20: Q1 | S20: Q2 | T20: Total | U20: Q1 | V20: Q2 | W20: Total
A21: CO1 | C21: =IFERROR(C6*$C$14,0) -> 0 | D21: =IFERROR(D6*$C$14,0) -> 0 | E21: =IFERROR(E6*$C$14,0) -> 0 | F21: =IFERROR(F6*$F$14,0) -> 0 | G21: =IFERROR(G6*$F$14,0) -> 0 | H21: =IFERROR(H6*$F$14,0) -> 0 | I21: =IFERROR(I6*$I$14,0) -> 0 | J21: =IFERROR(J6*$I$14,0) -> 0 | K21: =IFERROR(K6*$I$14,0) -> 0 | L21: =ROUND(SUM(C21:K21),2) -> 0 | N21: CO1 | O21: =IFERROR(C21/C6,0) -> 0 | P21: =IFERROR(D21/D6,0) -> 0 | Q21: =IFERROR(E21/E6,0) -> 0 | R21: =IFERROR(F21/F6,0) -> 0 | S21: =IFERROR(G21/G6,0) -> 0 | T21: =IFERROR(H21/H6,0) -> 0 | U21: =IFERROR(I21/I6,0) -> 0 | V21: =IFERROR(J21/J6,0) -> 0 | W21: =IFERROR(K21/K6,0) -> 0
A22: CO2 | C22: =IFERROR(C7*$C$14,0) -> 0 | D22: =IFERROR(D7*$C$14,0) -> 0 | E22: =IFERROR(E7*$C$14,0) -> 0 | F22: =IFERROR(F7*$F$14,0) -> 0 | G22: =IFERROR(G7*$F$14,0) -> 0 | H22: =IFERROR(H7*$F$14,0) -> 0 | I22: =IFERROR(I7*$I$14,0) -> 0 | J22: =IFERROR(J7*$I$14,0) -> 0 | K22: =IFERROR(K7*$I$14,0) -> 0 | L22: =ROUND(SUM(C22:K22),2) -> 0 | N22: CO2 | O22: =IFERROR(C22/C7,0) -> 0 | P22: =IFERROR(D22/D7,0) -> 0 | Q22: =IFERROR(E22/E7,0) -> 0 | R22: =IFERROR(F22/F7,0) -> 0 | S22: =IFERROR(G22/G7,0) -> 0 | T22: =IFERROR(H22/H7,0) -> 0 | U22: =IFERROR(I22/I7,0) -> 0 | V22: =IFERROR(J22/J7,0) -> 0 | W22: =IFERROR(K22/K7,0) -> 0
A23: CO3 | C23: =IFERROR(C8*$C$14,0) -> 0 | D23: =IFERROR(D8*$C$14,0) -> 0 | E23: =IFERROR(E8*$C$14,0) -> 0 | F23: =IFERROR(F8*$F$14,0) -> 0 | G23: =IFERROR(G8*$F$14,0) -> 0 | H23: =IFERROR(H8*$F$14,0) -> 0 | I23: =IFERROR(I8*$I$14,0) -> 0 | J23: =IFERROR(J8*$I$14,0) -> 0 | K23: =IFERROR(K8*$I$14,0) -> 0 | L23: =ROUND(SUM(C23:K23),2) -> 0 | N23: CO3 | O23: =IFERROR(C23/C8,0) -> 0 | P23: =IFERROR(D23/D8,0) -> 0 | Q23: =IFERROR(E23/E8,0) -> 0 | R23: =IFERROR(F23/F8,0) -> 0 | S23: =IFERROR(G23/G8,0) -> 0 | T23: =IFERROR(H23/H8,0) -> 0 | U23: =IFERROR(I23/I8,0) -> 0 | V23: =IFERROR(J23/J8,0) -> 0 | W23: =IFERROR(K23/K8,0) -> 0
A24: CO4 | C24: =IFERROR(C9*$C$14,0) -> 0 | D24: =IFERROR(D9*$C$14,0) -> 0 | E24: =IFERROR(E9*$C$14,0) -> 0 | F24: =IFERROR(F9*$F$14,0) -> 0 | G24: =IFERROR(G9*$F$14,0) -> 0 | H24: =IFERROR(H9*$F$14,0) -> 0 | I24: =IFERROR(I9*$I$14,0) -> 0 | J24: =IFERROR(J9*$I$14,0) -> 0 | K24: =IFERROR(K9*$I$14,0) -> 0 | L24: =ROUND(SUM(C24:K24),2) -> 0 | N24: CO4 | O24: =IFERROR(C24/C9,0) -> 0 | P24: =IFERROR(D24/D9,0) -> 0 | Q24: =IFERROR(E24/E9,0) -> 0 | R24: =IFERROR(F24/F9,0) -> 0 | S24: =IFERROR(G24/G9,0) -> 0 | T24: =IFERROR(H24/H9,0) -> 0 | U24: =IFERROR(I24/I9,0) -> 0 | V24: =IFERROR(J24/J9,0) -> 0 | W24: =IFERROR(K24/K9,0) -> 0
A25: CO5 | C25: =IFERROR(C10*$C$14,0) -> 0 | D25: =IFERROR(D10*$C$14,0) -> 0 | E25: =IFERROR(E10*$C$14,0) -> 0 | F25: =IFERROR(F10*$F$14,0) -> 0 | G25: =IFERROR(G10*$F$14,0) -> 0 | H25: =IFERROR(H10*$F$14,0) -> 0 | I25: =IFERROR(I10*$I$14,0) -> 0 | J25: =IFERROR(J10*$I$14,0) -> 0 | K25: =IFERROR(K10*$I$14,0) -> 0 | L25: =ROUND(SUM(C25:K25),2) -> 0 | N25: CO5 | O25: =IFERROR(C25/C10,0) -> 0 | P25: =IFERROR(D25/D10,0) -> 0 | Q25: =IFERROR(E25/E10,0) -> 0 | R25: =IFERROR(F25/F10,0) -> 0 | S25: =IFERROR(G25/G10,0) -> 0 | T25: =IFERROR(H25/H10,0) -> 0 | U25: =IFERROR(I25/I10,0) -> 0 | V25: =IFERROR(J25/J10,0) -> 0 | W25: =IFERROR(K25/K10,0) -> 0
A26: CO6 | C26: =IFERROR(C11*$C$14,0) -> 0 | D26: =IFERROR(D11*$C$14,0) -> 0 | E26: =IFERROR(E11*$C$14,0) -> 0 | F26: =IFERROR(F11*$F$14,0) -> 0 | G26: =IFERROR(G11*$F$14,0) -> 0 | H26: =IFERROR(H11*$F$14,0) -> 0 | I26: =IFERROR(I11*$I$14,0) -> 0 | J26: =IFERROR(J11*$I$14,0) -> 0 | K26: =IFERROR(K11*$I$14,0) -> 0 | L26: =ROUND(SUM(C26:K26),2) -> 0 | N26: CO6 | O26: =IFERROR(C26/C11,0) -> 0 | P26: =IFERROR(D26/D11,0) -> 0 | Q26: =IFERROR(E26/E11,0) -> 0 | R26: =IFERROR(F26/F11,0) -> 0 | S26: =IFERROR(G26/G11,0) -> 0 | T26: =IFERROR(H26/H11,0) -> 0 | U26: =IFERROR(I26/I11,0) -> 0 | V26: =IFERROR(J26/J11,0) -> 0 | W26: =IFERROR(K26/K11,0) -> 0
L27: =SUM(L21:L26) -> 0 | M27: =IF(L27<>$R$6,"Should be "&$R$6,"ok") -> ok
A28: Obtained Marks for Attendance, Performance and Assignment | N28: =IF(SUM(B5,L27)<>30,"Att+Assignment marks mismatch, check "&ADDRESS(ROW(B5),COLUMN(B5),4)&"+"&ADDRESS(ROW(L27),COLUMN(L27),4),"Att+Assignment marks okay") -> Att+Assignment marks mismatch, check B5+L27
A29: Roll | B29: =B3 -> Attn. Perf. | C29: ="Assignment marks obtained out of "&L12 -> Assignment marks obtained out of 0 | N29: ="CO wise obtained marks out of " &L12 -> CO wise obtained marks out of 0 | U29: ="CO wise obtained marks out of " &L27 -> CO wise obtained marks out of 0
C30: =C4&" ("&E13 &")" -> Assignment1 (0) | F30: =F4&" ("&H13 &")" -> Assignment2 (0) | I30: =I4&" ("&K13 &")" -> Assignment3 (0) | L30: ="Total ("&L12&")" -> Total (0) | N30: CO1 | O30: CO2 | P30: CO3 | Q30: CO4 | R30: CO5 | S30: CO6 | U30: CO1 | V30: CO2 | W30: CO3 | X30: CO4 | Y30: CO5 | Z30: CO6
B31: ="Out of "&B5 -> Out of | C31: =C5 -> Q1 | D31: =D5 -> Q2 | E31: =E5 -> Q3 | F31: =F5 -> Q1 | G31: =G5 -> Q2 | H31: =H5 -> Q3 | I31: =I5 -> Q1 | J31: =J5 -> Q2 | K31: =K5 -> Q3 | N31: ="("&L6&")" -> (0) | O31: ="("&L7&")" -> (0) | P31: ="("&L8&")" -> (0) | Q31: ="("&L9&")" -> (0) | R31: ="("&L10&")" -> (0) | S31: ="("&L11&")" -> (0) | U31: ="("&L21&")" -> (0) | V31: ="("&L22&")" -> (0) | W31: ="("&L23&")" -> (0) | X31: ="("&L24&")" -> (0) | Y31: ="("&L25&")" -> (0) | Z31: ="("&L26&")" -> (0)
A32: =IF(ISBLANK(CT!A32),"",CT!A32) | L32: =SUM(C32:K32) -> 0 | N32: =IF($A32="","",SUMIF($C$6:$K$6,">0",$C32:$K32)) | O32: =IF($A32="","",SUMIF($C$7:$K$7,">0",$C32:$K32)) | P32: =IF($A32="","",SUMIF($C$8:$K$8,">0",$C32:$K32)) | Q32: =IF($A32="","",SUMIF($C$9:$K$9,">0",$C32:$K32)) | R32: =IF($A32="","",SUMIF($C$10:$K$10,">0",$C32:$K32)) | S32: =IF($A32="","",SUMIF($C$11:$K$11,">0",$C32:$K32)) | U32: =IF($A32="","",SUMPRODUCT($C32:$K32,$O$21:$W$21)) | V32: =IF($A32="","",SUMPRODUCT($C32:$K32,$O$22:$W$22)) | W32: =IF($A32="","",SUMPRODUCT($C32:$K32,$O$23:$W$23)) | X32: =IF($A32="","",SUMPRODUCT($C32:$K32,$O$24:$W$24)) | Y32: =IF($A32="","",SUMPRODUCT($C32:$K32,$O$25:$W$25)) | Z32: =IF($A32="","",SUMPRODUCT($C32:$K32,$O$26:$W$26))
A33: =IF(ISBLANK(CT!A33),"",CT!A33) | L33: =SUM(C33:K33) -> 0 | N33: =IF($A33="","",SUMIF($C$6:$K$6,">0",$C33:$K33)) | O33: =IF($A33="","",SUMIF($C$7:$K$7,">0",$C33:$K33)) | P33: =IF($A33="","",SUMIF($C$8:$K$8,">0",$C33:$K33)) | Q33: =IF($A33="","",SUMIF($C$9:$K$9,">0",$C33:$K33)) | R33: =IF($A33="","",SUMIF($C$10:$K$10,">0",$C33:$K33)) | S33: =IF($A33="","",SUMIF($C$11:$K$11,">0",$C33:$K33)) | U33: =IF($A33="","",SUMPRODUCT($C33:$K33,$O$21:$W$21)) | V33: =IF($A33="","",SUMPRODUCT($C33:$K33,$O$22:$W$22)) | W33: =IF($A33="","",SUMPRODUCT($C33:$K33,$O$23:$W$23)) | X33: =IF($A33="","",SUMPRODUCT($C33:$K33,$O$24:$W$24)) | Y33: =IF($A33="","",SUMPRODUCT($C33:$K33,$O$25:$W$25)) | Z33: =IF($A33="","",SUMPRODUCT($C33:$K33,$O$26:$W$26))
A34: =IF(ISBLANK(CT!A34),"",CT!A34) | L34: =SUM(C34:K34) -> 0 | N34: =IF($A34="","",SUMIF($C$6:$K$6,">0",$C34:$K34)) | O34: =IF($A34="","",SUMIF($C$7:$K$7,">0",$C34:$K34)) | P34: =IF($A34="","",SUMIF($C$8:$K$8,">0",$C34:$K34)) | Q34: =IF($A34="","",SUMIF($C$9:$K$9,">0",$C34:$K34)) | R34: =IF($A34="","",SUMIF($C$10:$K$10,">0",$C34:$K34)) | S34: =IF($A34="","",SUMIF($C$11:$K$11,">0",$C34:$K34)) | U34: =IF($A34="","",SUMPRODUCT($C34:$K34,$O$21:$W$21)) | V34: =IF($A34="","",SUMPRODUCT($C34:$K34,$O$22:$W$22)) | W34: =IF($A34="","",SUMPRODUCT($C34:$K34,$O$23:$W$23)) | X34: =IF($A34="","",SUMPRODUCT($C34:$K34,$O$24:$W$24)) | Y34: =IF($A34="","",SUMPRODUCT($C34:$K34,$O$25:$W$25)) | Z34: =IF($A34="","",SUMPRODUCT($C34:$K34,$O$26:$W$26))
A35: =IF(ISBLANK(CT!A35),"",CT!A35) | L35: =SUM(C35:K35) -> 0 | N35: =IF($A35="","",SUMIF($C$6:$K$6,">0",$C35:$K35)) | O35: =IF($A35="","",SUMIF($C$7:$K$7,">0",$C35:$K35)) | P35: =IF($A35="","",SUMIF($C$8:$K$8,">0",$C35:$K35)) | Q35: =IF($A35="","",SUMIF($C$9:$K$9,">0",$C35:$K35)) | R35: =IF($A35="","",SUMIF($C$10:$K$10,">0",$C35:$K35)) | S35: =IF($A35="","",SUMIF($C$11:$K$11,">0",$C35:$K35)) | U35: =IF($A35="","",SUMPRODUCT($C35:$K35,$O$21:$W$21)) | V35: =IF($A35="","",SUMPRODUCT($C35:$K35,$O$22:$W$22)) | W35: =IF($A35="","",SUMPRODUCT($C35:$K35,$O$23:$W$23)) | X35: =IF($A35="","",SUMPRODUCT($C35:$K35,$O$24:$W$24)) | Y35: =IF($A35="","",SUMPRODUCT($C35:$K35,$O$25:$W$25)) | Z35: =IF($A35="","",SUMPRODUCT($C35:$K35,$O$26:$W$26))
A36: =IF(ISBLANK(CT!A36),"",CT!A36) | L36: =SUM(C36:K36) -> 0 | N36: =IF($A36="","",SUMIF($C$6:$K$6,">0",$C36:$K36)) | O36: =IF($A36="","",SUMIF($C$7:$K$7,">0",$C36:$K36)) | P36: =IF($A36="","",SUMIF($C$8:$K$8,">0",$C36:$K36)) | Q36: =IF($A36="","",SUMIF($C$9:$K$9,">0",$C36:$K36)) | R36: =IF($A36="","",SUMIF($C$10:$K$10,">0",$C36:$K36)) | S36: =IF($A36="","",SUMIF($C$11:$K$11,">0",$C36:$K36)) | U36: =IF($A36="","",SUMPRODUCT($C36:$K36,$O$21:$W$21)) | V36: =IF($A36="","",SUMPRODUCT($C36:$K36,$O$22:$W$22)) | W36: =IF($A36="","",SUMPRODUCT($C36:$K36,$O$23:$W$23)) | X36: =IF($A36="","",SUMPRODUCT($C36:$K36,$O$24:$W$24)) | Y36: =IF($A36="","",SUMPRODUCT($C36:$K36,$O$25:$W$25)) | Z36: =IF($A36="","",SUMPRODUCT($C36:$K36,$O$26:$W$26))
A37: =IF(ISBLANK(CT!A37),"",CT!A37) | L37: =SUM(C37:K37) -> 0 | N37: =IF($A37="","",SUMIF($C$6:$K$6,">0",$C37:$K37)) | O37: =IF($A37="","",SUMIF($C$7:$K$7,">0",$C37:$K37)) | P37: =IF($A37="","",SUMIF($C$8:$K$8,">0",$C37:$K37)) | Q37: =IF($A37="","",SUMIF($C$9:$K$9,">0",$C37:$K37)) | R37: =IF($A37="","",SUMIF($C$10:$K$10,">0",$C37:$K37)) | S37: =IF($A37="","",SUMIF($C$11:$K$11,">0",$C37:$K37)) | U37: =IF($A37="","",SUMPRODUCT($C37:$K37,$O$21:$W$21)) | V37: =IF($A37="","",SUMPRODUCT($C37:$K37,$O$22:$W$22)) | W37: =IF($A37="","",SUMPRODUCT($C37:$K37,$O$23:$W$23)) | X37: =IF($A37="","",SUMPRODUCT($C37:$K37,$O$24:$W$24)) | Y37: =IF($A37="","",SUMPRODUCT($C37:$K37,$O$25:$W$25)) | Z37: =IF($A37="","",SUMPRODUCT($C37:$K37,$O$26:$W$26))
A38: =IF(ISBLANK(CT!A38),"",CT!A38) | L38: =SUM(C38:K38) -> 0 | N38: =IF($A38="","",SUMIF($C$6:$K$6,">0",$C38:$K38)) | O38: =IF($A38="","",SUMIF($C$7:$K$7,">0",$C38:$K38)) | P38: =IF($A38="","",SUMIF($C$8:$K$8,">0",$C38:$K38)) | Q38: =IF($A38="","",SUMIF($C$9:$K$9,">0",$C38:$K38)) | R38: =IF($A38="","",SUMIF($C$10:$K$10,">0",$C38:$K38)) | S38: =IF($A38="","",SUMIF($C$11:$K$11,">0",$C38:$K38)) | U38: =IF($A38="","",SUMPRODUCT($C38:$K38,$O$21:$W$21)) | V38: =IF($A38="","",SUMPRODUCT($C38:$K38,$O$22:$W$22)) | W38: =IF($A38="","",SUMPRODUCT($C38:$K38,$O$23:$W$23)) | X38: =IF($A38="","",SUMPRODUCT($C38:$K38,$O$24:$W$24)) | Y38: =IF($A38="","",SUMPRODUCT($C38:$K38,$O$25:$W$25)) | Z38: =IF($A38="","",SUMPRODUCT($C38:$K38,$O$26:$W$26))
A39: =IF(ISBLANK(CT!A39),"",CT!A39) | L39: =SUM(C39:K39) -> 0 | N39: =IF($A39="","",SUMIF($C$6:$K$6,">0",$C39:$K39)) | O39: =IF($A39="","",SUMIF($C$7:$K$7,">0",$C39:$K39)) | P39: =IF($A39="","",SUMIF($C$8:$K$8,">0",$C39:$K39)) | Q39: =IF($A39="","",SUMIF($C$9:$K$9,">0",$C39:$K39)) | R39: =IF($A39="","",SUMIF($C$10:$K$10,">0",$C39:$K39)) | S39: =IF($A39="","",SUMIF($C$11:$K$11,">0",$C39:$K39)) | U39: =IF($A39="","",SUMPRODUCT($C39:$K39,$O$21:$W$21)) | V39: =IF($A39="","",SUMPRODUCT($C39:$K39,$O$22:$W$22)) | W39: =IF($A39="","",SUMPRODUCT($C39:$K39,$O$23:$W$23)) | X39: =IF($A39="","",SUMPRODUCT($C39:$K39,$O$24:$W$24)) | Y39: =IF($A39="","",SUMPRODUCT($C39:$K39,$O$25:$W$25)) | Z39: =IF($A39="","",SUMPRODUCT($C39:$K39,$O$26:$W$26))
A40: =IF(ISBLANK(CT!A40),"",CT!A40) | L40: =SUM(C40:K40) -> 0 | N40: =IF($A40="","",SUMIF($C$6:$K$6,">0",$C40:$K40)) | O40: =IF($A40="","",SUMIF($C$7:$K$7,">0",$C40:$K40)) | P40: =IF($A40="","",SUMIF($C$8:$K$8,">0",$C40:$K40)) | Q40: =IF($A40="","",SUMIF($C$9:$K$9,">0",$C40:$K40)) | R40: =IF($A40="","",SUMIF($C$10:$K$10,">0",$C40:$K40)) | S40: =IF($A40="","",SUMIF($C$11:$K$11,">0",$C40:$K40)) | U40: =IF($A40="","",SUMPRODUCT($C40:$K40,$O$21:$W$21)) | V40: =IF($A40="","",SUMPRODUCT($C40:$K40,$O$22:$W$22)) | W40: =IF($A40="","",SUMPRODUCT($C40:$K40,$O$23:$W$23)) | X40: =IF($A40="","",SUMPRODUCT($C40:$K40,$O$24:$W$24)) | Y40: =IF($A40="","",SUMPRODUCT($C40:$K40,$O$25:$W$25)) | Z40: =IF($A40="","",SUMPRODUCT($C40:$K40,$O$26:$W$26))
A41: =IF(ISBLANK(CT!A41),"",CT!A41) | L41: =SUM(C41:K41) -> 0 | N41: =IF($A41="","",SUMIF($C$6:$K$6,">0",$C41:$K41)) | O41: =IF($A41="","",SUMIF($C$7:$K$7,">0",$C41:$K41)) | P41: =IF($A41="","",SUMIF($C$8:$K$8,">0",$C41:$K41)) | Q41: =IF($A41="","",SUMIF($C$9:$K$9,">0",$C41:$K41)) | R41: =IF($A41="","",SUMIF($C$10:$K$10,">0",$C41:$K41)) | S41: =IF($A41="","",SUMIF($C$11:$K$11,">0",$C41:$K41)) | U41: =IF($A41="","",SUMPRODUCT($C41:$K41,$O$21:$W$21)) | V41: =IF($A41="","",SUMPRODUCT($C41:$K41,$O$22:$W$22)) | W41: =IF($A41="","",SUMPRODUCT($C41:$K41,$O$23:$W$23)) | X41: =IF($A41="","",SUMPRODUCT($C41:$K41,$O$24:$W$24)) | Y41: =IF($A41="","",SUMPRODUCT($C41:$K41,$O$25:$W$25)) | Z41: =IF($A41="","",SUMPRODUCT($C41:$K41,$O$26:$W$26))
A42: =IF(ISBLANK(CT!A42),"",CT!A42) | L42: =SUM(C42:K42) -> 0 | N42: =IF($A42="","",SUMIF($C$6:$K$6,">0",$C42:$K42)) | O42: =IF($A42="","",SUMIF($C$7:$K$7,">0",$C42:$K42)) | P42: =IF($A42="","",SUMIF($C$8:$K$8,">0",$C42:$K42)) | Q42: =IF($A42="","",SUMIF($C$9:$K$9,">0",$C42:$K42)) | R42: =IF($A42="","",SUMIF($C$10:$K$10,">0",$C42:$K42)) | S42: =IF($A42="","",SUMIF($C$11:$K$11,">0",$C42:$K42)) | U42: =IF($A42="","",SUMPRODUCT($C42:$K42,$O$21:$W$21)) | V42: =IF($A42="","",SUMPRODUCT($C42:$K42,$O$22:$W$22)) | W42: =IF($A42="","",SUMPRODUCT($C42:$K42,$O$23:$W$23)) | X42: =IF($A42="","",SUMPRODUCT($C42:$K42,$O$24:$W$24)) | Y42: =IF($A42="","",SUMPRODUCT($C42:$K42,$O$25:$W$25)) | Z42: =IF($A42="","",SUMPRODUCT($C42:$K42,$O$26:$W$26))
A43: =IF(ISBLANK(CT!A43),"",CT!A43) | L43: =SUM(C43:K43) -> 0 | N43: =IF($A43="","",SUMIF($C$6:$K$6,">0",$C43:$K43)) | O43: =IF($A43="","",SUMIF($C$7:$K$7,">0",$C43:$K43)) | P43: =IF($A43="","",SUMIF($C$8:$K$8,">0",$C43:$K43)) | Q43: =IF($A43="","",SUMIF($C$9:$K$9,">0",$C43:$K43)) | R43: =IF($A43="","",SUMIF($C$10:$K$10,">0",$C43:$K43)) | S43: =IF($A43="","",SUMIF($C$11:$K$11,">0",$C43:$K43)) | U43: =IF($A43="","",SUMPRODUCT($C43:$K43,$O$21:$W$21)) | V43: =IF($A43="","",SUMPRODUCT($C43:$K43,$O$22:$W$22)) | W43: =IF($A43="","",SUMPRODUCT($C43:$K43,$O$23:$W$23)) | X43: =IF($A43="","",SUMPRODUCT($C43:$K43,$O$24:$W$24)) | Y43: =IF($A43="","",SUMPRODUCT($C43:$K43,$O$25:$W$25)) | Z43: =IF($A43="","",SUMPRODUCT($C43:$K43,$O$26:$W$26))
... A156: =IF(ISBLANK(CT!A156),"",CT!A156) | L156: =SUM(C156:K156) -> 0 | N156: =IF($A156="","",SUMIF($C$6:$K$6,">0",$C156:$K156)) | O156: =IF($A156="","",SUMIF($C$7:$K$7,">0",$C156:$K156)) | P156: =IF($A156="","",SUMIF($C$8:$K$8,">0",$C156:$K156)) | Q156: =IF($A156="","",SUMIF($C$9:$K$9,">0",$C156:$K156)) | R156: =IF($A156="","",SUMIF($C$10:$K$10,">0",$C156:$K156)) | S156: =IF($A156="","",SUMIF($C$11:$K$11,">0",$C156:$K156)) | U156: =IF($A156="","",SUMPRODUCT($C156:$K156,$O$21:$W$21)) | V156: =IF($A156="","",SUMPRODUCT($C156:$K156,$O$22:$W$22)) | W156: =IF($A156="","",SUMPRODUCT($C156:$K156,$O$23:$W$23)) | X156: =IF($A156="","",SUMPRODUCT($C156:$K156,$O$24:$W$24)) | Y156: =IF($A156="","",SUMPRODUCT($C156:$K156,$O$25:$W$25)) | Z156: =IF($A156="","",SUMPRODUCT($C156:$K156,$O$26:$W$26))

Sheet SectionA
A1: =CT!A1 -> CSE 2203+CSE 2204: Microprocessor and Microcontroller | BD1: 3 combinations | BF1: Stdev | BG1: =_xlfn.STDEV.P(AD4:AD9) -> 0 | BH1: =_xlfn.STDEV.P(AE4:AE9) -> 0 | BI1: =_xlfn.STDEV.P(AF4:AF9) -> 0 | BJ1: =_xlfn.STDEV.P(AG4:AG9) -> 0 | BK1: =MIN(BG1:BJ1) -> 0
A2: Allocated marks for Section-A in final question | AD2: 1 | AE2: 2 | AF2: 3 | AG2: 4 | AT2: =SUM(E11,J11) -> 0 | AU2: =SUM(E11,O11) -> 0 | AV2: =SUM(E11,T11) -> 0 | AW2: =SUM(J11,O11) -> 0 | AX2: =SUM(J11,T11) -> 0 | AY2: =SUM(T11,O11) -> 0 | AZ2: =E11 -> 0 | BA2: =J11 -> 0 | BB2: =O11 -> 0 | BC2: =T11 -> 0 | BF2: dist | BG2: =SQRT(SUMXMY2($BF$4:$BF$9,BG4:BG9)) -> #DIV/0! | BH2: =SQRT(SUMXMY2($BF$4:$BF$9,BH4:BH9)) -> #DIV/0! | BI2: =SQRT(SUMXMY2($BF$4:$BF$9,BI4:BI9)) -> #DIV/0! | BJ2: =SQRT(SUMXMY2($BF$4:$BF$9,BJ4:BJ9)) -> #DIV/0! | BK2: =MIN(BG2:BJ2) -> #DIV/0! | BL2: =MATCH(BK2,BG2:BJ2,0) -> #DIV/0! | BM2: {=INDEX(BG3:BJ3,1,BL2)} -> #DIV/0!
A3: CO No. | B3: 1(a) | C3: 1(b) | D3: 1(c) | E3: 1(d) | G3: 2(a) | H3: 2(b) | I3: 2(c) | J3: 2(d) | L3: 3(a) | M3: 3(b) | N3: 3(c) | O3: 3(d) | Q3: 4(a) | R3: 4(b) | S3: 4(c) | T3: 4(d) | AC3: Possible AnsComb | AD3: =AE2&","&AF2&","&AG2 -> 2,3,4 | AE3: =AD2&","&AF2&","&AG2 -> 1,3,4 | AF3: =AD2&","&AE2&","&AG2 -> 1,2,4 | AG3: =AD2&","&AE2&","&AF2 -> 1,2,3 | AH3: =AD2&","&AE2 -> 1,2 | AI3: =AD2&","&AF2 -> 1,3 | AJ3: =AD2&","&AG2 -> 1,4 | AK3: =AE2&","&AF2 -> 2,3 | AL3: =AE2&","&AG2 -> 2,4 | AM3: =AF2&","&AG2 -> 3,4 | AN3: =AD2&"" -> 1 | AO3: =AE2&"" -> 2 | AP3: =AF2&"" -> 3 | AQ3: =AG2&"" -> 4 | AR3: None | AT3: =AH3 -> 1,2 | AU3: =AI3 -> 1,3 | AV3: =AJ3 -> 1,4 | AW3: =AK3 -> 2,3 | AX3: =AL3 -> 2,4 | AY3: =AM3 -> 3,4 | AZ3: =VALUE(AN3) -> 1 | BA3: =AO3 -> 2 | BB3: =AP3 -> 3 | BC3: =AQ3 -> 4 | BD3: =AR3 -> None | BE3: CO msrd | BF3: unit v | BG3: =AD3 -> 2,3,4 | BH3: =AE3 -> 1,3,4 | BI3: =AF3 -> 1,2,4 | BJ3: =AG3 -> 1,2,3
A4: CO1 | V4: Don’t edit green/Blue/Yellow highlighted area | AC4: CO1 | AD4: =SUM(G4:T4) -> 0 | AE4: =SUM(B4,C4,D4,E4,L4,M4,N4,O4,Q4,R4,S4,T4) -> 0 | AF4: =SUM(B4:J4,Q4,R4,S4,T4) -> 0 | AG4: =SUM(B4:O4) -> 0 | AH4: =AT4+LOOKUP(AT$10,$AT$3:$BC$3,$AT4:$BC4) -> #DIV/0! | AI4: =AU4+LOOKUP(AU$10,$AT$3:$BC$3,$AT4:$BC4) -> #DIV/0! | AJ4: =AV4+LOOKUP(AV$10,$AT$3:$BC$3,$AT4:$BC4) -> #DIV/0! | AK4: =AW4+LOOKUP(AW$10,$AT$3:$BC$3,$AT4:$BC4) -> #DIV/0! | AL4: =AX4+LOOKUP(AX$10,$AT$3:$BC$3,$AT4:$BC4) -> #DIV/0! | AM4: =AY4+LOOKUP(AY$10,$AT$3:$BC$3,$AT4:$BC4) -> #DIV/0! | AN4: =AZ4+LOOKUP(AZ$10,$AT$3:$BC$3,$AT4:$BC4) -> #DIV/0! | AO4: =BA4+LOOKUP(BA$10,$AT$3:$BC$3,$AT4:$BC4) -> #DIV/0! | ... AQ4: =BC4+LOOKUP(BC$10,$AT$3:$BC$3,$AT4:$BC4) -> #DIV/0! | AR4: =INDEX(AD4:AG4,1,$AR$11) -> #DIV/0! | AT4: =SUM(B4:J4) -> 0 | AU4: =SUM(B4:E4,L4:O4) -> 0 | AV4: =SUM(B4:E4,Q4:T4) -> 0 | AW4: =SUM(G4:O4) -> 0 | AX4: =SUM(G4:J4,Q4:T4) -> 0 | AY4: =SUM(L4:O4,Q4:T4) -> 0 | AZ4: =SUM(B4:E4) -> 0 | BA4: =SUM(G4:J4) -> 0 | BB4: =SUM(L4:O4) -> 0 | BC4: =SUM(Q4:T4) -> 0 | BE4: =IF(SUM(AD4:AG4),1,0) -> 0 | BF4: =BE4/$BE$10 -> #DIV/0! | BG4: =AD4/SUM(AD$4:AD$9) -> #DIV/0! | BH4: =AE4/SUM(AE$4:AE$9) -> #DIV/0! | BI4: =AF4/SUM(AF$4:AF$9) -> #DIV/0! | BJ4: =AG4/SUM(AG$4:AG$9) -> #DIV/0!
A5: CO2 | AC5: CO2 | AD5: =SUM(G5:T5) -> 0 | AE5: =SUM(B5,C5,D5,E5,L5,M5,N5,O5,Q5,R5,S5,T5) -> 0 | AF5: =SUM(B5:J5,Q5,R5,S5,T5) -> 0 | AG5: =SUM(B5:O5) -> 0 | AH5: =AT5+LOOKUP(AT$10,$AT$3:$BC$3,$AT5:$BC5) -> #DIV/0! | AI5: =AU5+LOOKUP(AU$10,$AT$3:$BC$3,$AT5:$BC5) -> #DIV/0! | AJ5: =AV5+LOOKUP(AV$10,$AT$3:$BC$3,$AT5:$BC5) -> #DIV/0! | AK5: =AW5+LOOKUP(AW$10,$AT$3:$BC$3,$AT5:$BC5) -> #DIV/0! | AL5: =AX5+LOOKUP(AX$10,$AT$3:$BC$3,$AT5:$BC5) -> #DIV/0! | AM5: =AY5+LOOKUP(AY$10,$AT$3:$BC$3,$AT5:$BC5) -> #DIV/0! | AN5: =AZ5+LOOKUP(AZ$10,$AT$3:$BC$3,$AT5:$BC5) -> #DIV/0! | AO5: =BA5+LOOKUP(BA$10,$AT$3:$BC$3,$AT5:$BC5) -> #DIV/0! | ... AQ5: =BC5+LOOKUP(BC$10,$AT$3:$BC$3,$AT5:$BC5) -> #DIV/0! | AR5: =INDEX(AD5:AG5,1,$AR$11) -> #DIV/0! | AT5: =SUM(B5:J5) -> 0 | AU5: =SUM(B5:E5,L5:O5) -> 0 | AV5: =SUM(B5:E5,Q5:T5) -> 0 | AW5: =SUM(G5:O5) -> 0 | AX5: =SUM(G5:J5,Q5:T5) -> 0 | AY5: =SUM(L5:O5,Q5:T5) -> 0 | AZ5: =SUM(B5:E5) -> 0 | BA5: =SUM(G5:J5) -> 0 | BB5: =SUM(L5:O5) -> 0 | BC5: =SUM(Q5:T5) -> 0 | BE5: =IF(SUM(AD5:AG5),1,0) -> 0 | BF5: =BE5/$BE$10 -> #DIV/0! | BG5: =AD5/SUM(AD$4:AD$9) -> #DIV/0! | BH5: =AE5/SUM(AE$4:AE$9) -> #DIV/0! | BI5: =AF5/SUM(AF$4:AF$9) -> #DIV/0! | BJ5: =AG5/SUM(AG$4:AG$9) -> #DIV/0!
A6: CO3 | AC6: CO3 | AD6: =SUM(G6:T6) -> 0 | AE6: =SUM(B6,C6,D6,E6,L6,M6,N6,O6,Q6,R6,S6,T6) -> 0 | AF6: =SUM(B6:J6,Q6,R6,S6,T6) -> 0 | AG6: =SUM(B6:O6) -> 0 | AH6: =AT6+LOOKUP(AT$10,$AT$3:$BC$3,$AT6:$BC6) -> #DIV/0! | AI6: =AU6+LOOKUP(AU$10,$AT$3:$BC$3,$AT6:$BC6) -> #DIV/0! | AJ6: =AV6+LOOKUP(AV$10,$AT$3:$BC$3,$AT6:$BC6) -> #DIV/0! | AK6: =AW6+LOOKUP(AW$10,$AT$3:$BC$3,$AT6:$BC6) -> #DIV/0! | AL6: =AX6+LOOKUP(AX$10,$AT$3:$BC$3,$AT6:$BC6) -> #DIV/0! | AM6: =AY6+LOOKUP(AY$10,$AT$3:$BC$3,$AT6:$BC6) -> #DIV/0! | AN6: =AZ6+LOOKUP(AZ$10,$AT$3:$BC$3,$AT6:$BC6) -> #DIV/0! | AO6: =BA6+LOOKUP(BA$10,$AT$3:$BC$3,$AT6:$BC6) -> #DIV/0! | ... AQ6: =BC6+LOOKUP(BC$10,$AT$3:$BC$3,$AT6:$BC6) -> #DIV/0! | AR6: =INDEX(AD6:AG6,1,$AR$11) -> #DIV/0! | AT6: =SUM(B6:J6) -> 0 | AU6: =SUM(B6:E6,L6:O6) -> 0 | AV6: =SUM(B6:E6,Q6:T6) -> 0 | AW6: =SUM(G6:O6) -> 0 | AX6: =SUM(G6:J6,Q6:T6) -> 0 | AY6: =SUM(L6:O6,Q6:T6) -> 0 | AZ6: =SUM(B6:E6) -> 0 | BA6: =SUM(G6:J6) -> 0 | BB6: =SUM(L6:O6) -> 0 | BC6: =SUM(Q6:T6) -> 0 | BE6: =IF(SUM(AD6:AG6),1,0) -> 0 | BF6: =BE6/$BE$10 -> #DIV/0! | BG6: =AD6/SUM(AD$4:AD$9) -> #DIV/0! | BH6: =AE6/SUM(AE$4:AE$9) -> #DIV/0! | BI6: =AF6/SUM(AF$4:AF$9) -> #DIV/0! | BJ6: =AG6/SUM(AG$4:AG$9) -> #DIV/0!
A7: CO4 | AC7: CO4 | AD7: =SUM(G7:T7) -> 0 | AE7: =SUM(B7,C7,D7,E7,L7,M7,N7,O7,Q7,R7,S7,T7) -> 0 | AF7: =SUM(B7:J7,Q7,R7,S7,T7) -> 0 | AG7: =SUM(B7:O7) -> 0 | AH7: =AT7+LOOKUP(AT$10,$AT$3:$BC$3,$AT7:$BC7) -> #DIV/0! | AI7: =AU7+LOOKUP(AU$10,$AT$3:$BC$3,$AT7:$BC7) -> #DIV/0! | AJ7: =AV7+LOOKUP(AV$10,$AT$3:$BC$3,$AT7:$BC7) -> #DIV/0! | AK7: =AW7+LOOKUP(AW$10,$AT$3:$BC$3,$AT7:$BC7) -> #DIV/0! | AL7: =AX7+LOOKUP(AX$10,$AT$3:$BC$3,$AT7:$BC7) -> #DIV/0! | AM7: =AY7+LOOKUP(AY$10,$AT$3:$BC$3,$AT7:$BC7) -> #DIV/0! | AN7: =AZ7+LOOKUP(AZ$10,$AT$3:$BC$3,$AT7:$BC7) -> #DIV/0! | AO7: =BA7+LOOKUP(BA$10,$AT$3:$BC$3,$AT7:$BC7) -> #DIV/0! | ... AQ7: =BC7+LOOKUP(BC$10,$AT$3:$BC$3,$AT7:$BC7) -> #DIV/0! | AR7: =INDEX(AD7:AG7,1,$AR$11) -> #DIV/0! | AT7: =SUM(B7:J7) -> 0 | AU7: =SUM(B7:E7,L7:O7) -> 0 | AV7: =SUM(B7:E7,Q7:T7) -> 0 | AW7: =SUM(G7:O7) -> 0 | AX7: =SUM(G7:J7,Q7:T7) -> 0 | AY7: =SUM(L7:O7,Q7:T7) -> 0 | AZ7: =SUM(B7:E7) -> 0 | BA7: =SUM(G7:J7) -> 0 | BB7: =SUM(L7:O7) -> 0 | BC7: =SUM(Q7:T7) -> 0 | BE7: =IF(SUM(AD7:AG7),1,0) -> 0 | BF7: =BE7/$BE$10 -> #DIV/0! | BG7: =AD7/SUM(AD$4:AD$9) -> #DIV/0! | BH7: =AE7/SUM(AE$4:AE$9) -> #DIV/0! | BI7: =AF7/SUM(AF$4:AF$9) -> #DIV/0! | BJ7: =AG7/SUM(AG$4:AG$9) -> #DIV/0!
A8: CO5 | AC8: CO5 | AD8: =SUM(G8:T8) -> 0 | AE8: =SUM(B8,C8,D8,E8,L8,M8,N8,O8,Q8,R8,S8,T8) -> 0 | AF8: =SUM(B8:J8,Q8,R8,S8,T8) -> 0 | AG8: =SUM(B8:O8) -> 0 | AH8: =AT8+LOOKUP(AT$10,$AT$3:$BC$3,$AT8:$BC8) -> #DIV/0! | AI8: =AU8+LOOKUP(AU$10,$AT$3:$BC$3,$AT8:$BC8) -> #DIV/0! | AJ8: =AV8+LOOKUP(AV$10,$AT$3:$BC$3,$AT8:$BC8) -> #DIV/0! | AK8: =AW8+LOOKUP(AW$10,$AT$3:$BC$3,$AT8:$BC8) -> #DIV/0! | AL8: =AX8+LOOKUP(AX$10,$AT$3:$BC$3,$AT8:$BC8) -> #DIV/0! | AM8: =AY8+LOOKUP(AY$10,$AT$3:$BC$3,$AT8:$BC8) -> #DIV/0! | AN8: =AZ8+LOOKUP(AZ$10,$AT$3:$BC$3,$AT8:$BC8) -> #DIV/0! | AO8: =BA8+LOOKUP(BA$10,$AT$3:$BC$3,$AT8:$BC8) -> #DIV/0! | ... AQ8: =BC8+LOOKUP(BC$10,$AT$3:$BC$3,$AT8:$BC8) -> #DIV/0! | AR8: =INDEX(AD8:AG8,1,$AR$11) -> #DIV/0! | AT8: =SUM(B8:J8) -> 0 | AU8: =SUM(B8:E8,L8:O8) -> 0 | AV8: =SUM(B8:E8,Q8:T8) -> 0 | AW8: =SUM(G8:O8) -> 0 | AX8: =SUM(G8:J8,Q8:T8) -> 0 | AY8: =SUM(L8:O8,Q8:T8) -> 0 | AZ8: =SUM(B8:E8) -> 0 | BA8: =SUM(G8:J8) -> 0 | BB8: =SUM(L8:O8) -> 0 | BC8: =SUM(Q8:T8) -> 0 | BD8: =MIN(AP8:AS8) -> #DIV/0! | BE8: =IF(SUM(AD8:AG8),1,0) -> 0 | BF8: =BE8/$BE$10 -> #DIV/0! | BG8: =AD8/SUM(AD$4:AD$9) -> #DIV/0! | BH8: =AE8/SUM(AE$4:AE$9) -> #DIV/0! | BI8: =AF8/SUM(AF$4:AF$9) -> #DIV/0! | BJ8: =AG8/SUM(AG$4:AG$9) -> #DIV/0!
A9: CO6 | AC9: CO6 | AD9: =SUM(G9:T9) -> 0 | AE9: =SUM(B9,C9,D9,E9,L9,M9,N9,O9,Q9,R9,S9,T9) -> 0 | AF9: =SUM(B9:J9,Q9,R9,S9,T9) -> 0 | AG9: =SUM(B9:O9) -> 0 | AH9: =AT9+LOOKUP(AT$10,$AT$3:$BC$3,$AT9:$BC9) -> #DIV/0! | AI9: =AU9+LOOKUP(AU$10,$AT$3:$BC$3,$AT9:$BC9) -> #DIV/0! | AJ9: =AV9+LOOKUP(AV$10,$AT$3:$BC$3,$AT9:$BC9) -> #DIV/0! | AK9: =AW9+LOOKUP(AW$10,$AT$3:$BC$3,$AT9:$BC9) -> #DIV/0! | AL9: =AX9+LOOKUP(AX$10,$AT$3:$BC$3,$AT9:$BC9) -> #DIV/0! | AM9: =AY9+LOOKUP(AY$10,$AT$3:$BC$3,$AT9:$BC9) -> #DIV/0! | AN9: =AZ9+LOOKUP(AZ$10,$AT$3:$BC$3,$AT9:$BC9) -> #DIV/0! | AO9: =BA9+LOOKUP(BA$10,$AT$3:$BC$3,$AT9:$BC9) -> #DIV/0! | ... AQ9: =BC9+LOOKUP(BC$10,$AT$3:$BC$3,$AT9:$BC9) -> #DIV/0! | AR9: =INDEX(AD9:AG9,1,$AR$11) -> #DIV/0! | AT9: =SUM(B9:J9) -> 0 | AU9: =SUM(B9:E9,L9:O9) -> 0 | AV9: =SUM(B9:E9,Q9:T9) -> 0 | AW9: =SUM(G9:O9) -> 0 | AX9: =SUM(G9:J9,Q9:T9) -> 0 | AY9: =SUM(L9:O9,Q9:T9) -> 0 | AZ9: =SUM(B9:E9) -> 0 | BA9: =SUM(G9:J9) -> 0 | BB9: =SUM(L9:O9) -> 0 | BC9: =SUM(Q9:T9) -> 0 | BD9: =MIN(AP9:AS9) -> #DIV/0! | BE9: =IF(SUM(AD9:AG9),1,0) -> 0 | BF9: =BE9/$BE$10 -> #DIV/0! | BG9: =AD9/SUM(AD$4:AD$9) -> #DIV/0! | BH9: =AE9/SUM(AE$4:AE$9) -> #DIV/0! | BI9: =AF9/SUM(AF$4:AF$9) -> #DIV/0! | BJ9: =AG9/SUM(AG$4:AG$9) -> #DIV/0!
B10: =SUM(B4:B8) -> 0 | C10: =SUM(C4:C8) -> 0 | D10: =SUM(D4:D8) -> 0 | E10: =SUM(E4:E8) -> 0 | G10: =SUM(G4:G8) -> 0 | H10: =SUM(H4:H8) -> 0 | I10: =SUM(I4:I8) -> 0 | J10: =SUM(J4:J8) -> 0 | L10: =SUM(L4:L8) -> 0 | M10: =SUM(M4:M8) -> 0 | N10: =SUM(N4:N8) -> 0 | O10: =SUM(O4:O8) -> 0 | Q10: =SUM(Q4:Q8) -> 0 | R10: =SUM(R4:R8) -> 0 | S10: =SUM(S4:S8) -> 0 | T10: =SUM(T4:T8) -> 0 | AR10: =BM2 -> #DIV/0! | AT10: =BG92 -> #DIV/0! | AU10: =BG93 -> #DIV/0! | AV10: =BG94 -> #DIV/0! | AW10: =BG95 -> #DIV/0! | AX10: =BG96 -> #DIV/0! | AY10: =BG97 -> #DIV/0! | AZ10: =BG98 -> #DIV/0! | BA10: =BG99 -> #DIV/0! | BB10: =BG100 -> #DIV/0! | BC10: =BG101 -> #DIV/0! | BE10: =SUM(BE4:BE9) -> 0 | BF10: =SUM(BF4:BF9) -> #DIV/0! | BG10: =SUM(BG4:BG9) -> #DIV/0! | BH10: =SUM(BH4:BH9) -> #DIV/0! | BI10: =SUM(BI4:BI9) -> #DIV/0! | BJ10: =SUM(BJ4:BJ9) -> #DIV/0!
E11: =SUM(B10:E10) -> 0 | J11: =SUM(G10:J10) -> 0 | O11: =SUM(L10:O10) -> 0 | T11: =SUM(Q10:T10) -> 0 | AC11: Ret Indx | AD11: 2 | AE11: 3 | AF11: 4 | AG11: 5 | AH11: 6 | AI11: 7 | AR11: =BL2 -> #DIV/0!
B12: =IF(E11,IF(E11<>35,"Total marks mismatch", ""),"") | G12: =IF(J11,IF(J11<>35,"Total marks mismatch", ""),"") | L12: =IF(O11,IF(O11<>35,"Total marks mismatch", ""),"") | Q12: =IF(T11,IF(T11<>35,"Total marks mismatch", ""),"")
AJ14: =IF(SUM(AJ17:AJ141),1,0) -> 0 | AK14: =IF(SUM(AK17:AK141),1,0) -> 0 | AL14: =IF(SUM(AL17:AL141),1,0) -> 0 | AM14: =IF(SUM(AM17:AM141),1,0) -> 0 | AN14: =IF(SUM(AN17:AN141),1,0) -> 0 | AO14: =IF(SUM(AO17:AO141),1,0) -> 0
A15: Obtained marks for Section-A | V15: Total Marks obtained Per CO | AC15: Q.No | AJ15: CO marks distribution per student | AR15: Possible AnsComb | AT15: =AT3 -> 1,2 | AU15: =AU3 -> 1,3 | AV15: =AV3 -> 1,4 | AW15: =AW3 -> 2,3 | AX15: =AX3 -> 2,4 | AY15: =AY3 -> 3,4 | AZ15: =AZ3 -> 1 | BA15: =BA3 -> 2 | ... BD15: =BD3 -> None
A16: Roll | B16: 1(a) | C16: 1(b) | D16: 1(c) | E16: 1(d) | G16: 2(a) | H16: 2(b) | I16: 2(c) | J16: 2(d) | L16: 3(a) | M16: 3(b) | N16: 3(c) | O16: 3(d) | Q16: 4(a) | R16: 4(b) | S16: 4(c) | T16: 4(d) | U16: Total | V16: CO1 | W16: CO2 | X16: CO3 | Y16: CO4 | Z16: CO5 | AA16: CO6 | AC16: =AD2 -> 1 | AD16: =AE2 -> 2 | AE16: =AF2 -> 3 | AF16: =AG2 -> 4 | AG16: ZeroCount | AH16: AnsComb | AJ16: CO1 | AK16: CO2 | AL16: CO3 | AM16: CO4 | AN16: CO5 | AO16: CO6 | AR16: CO1 | AT16: =AT4/AT$2 -> #DIV/0! | AU16: =AU4/AU$2 -> #DIV/0! | AV16: =AV4/AV$2 -> #DIV/0! | AW16: =AW4/AW$2 -> #DIV/0! | AX16: =AX4/AX$2 -> #DIV/0! | AY16: =AY4/AY$2 -> #DIV/0! | AZ16: =AZ4/AZ$2 -> #DIV/0! | BA16: =BA4/BA$2 -> #DIV/0! | ... BC16: =BC4/BC$2 -> #DIV/0! | BD16: =MIN(AO16:AS16) -> 0
A17: =IF(ISBLANK(CT!A32),"",CT!A32) | U17: =IF($A17="","",SUM(B17:T17)) | V17: =IF($A17="","",SUMIF($B$4:$T$4,">0",$B17:$T17)) | W17: =IF($A17="","",SUMIF($B$5:$T$5,">0",$B17:$T17)) | X17: =IF($A17="","",SUMIF($B$6:$T$6,">0",$B17:$T17)) | Y17: =IF($A17="","",SUMIF($B$7:$T$7,">0",$B17:$T17)) | Z17: =IF($A17="","",SUMIF($B$8:$T$8,">0",$B17:$T17)) | AA17: =IF($A17="","",SUMIF($B$9:$T$9,">0",$B17:$T17)) | AC17: =IF($A17="","",SUM(B17:E17)) | AD17: =IF($A17="","",SUM(G17:J17)) | AE17: =IF($A17="","",SUM(L17:O17)) | AF17: =IF($A17="","",SUM(Q17:T17)) | AG17: =COUNTIF(AC17:AF17,0) -> 0 | AH17: =IF(SUM(AC17:AF17)=0,"None",CONCATENATE(IF(AC17>0,AC$16&",",""),IF(AD17>0,AD$16&",",""),IF(AE17>0,AE$16&",",""),IF(AF17>0,AF$16,""))) -> None | AI17: =IF(AH17<>"",IF(RIGHT(AH17,1)=",",LEFT(AH17,LEN(AH17)-1),AH17),"None") -> None | AJ17: =IF($A17="","",HLOOKUP($AI17,$AD$3:$AR$9,AD$11,FALSE)) | AK17: =IF($A17="","",HLOOKUP($AI17,$AD$3:$AR$9,AE$11,FALSE)) | AL17: =IF($A17="","",HLOOKUP($AI17,$AD$3:$AR$9,AF$11,FALSE)) | AM17: =IF($A17="","",HLOOKUP($AI17,$AD$3:$AR$9,AG$11,FALSE)) | AN17: =IF($A17="","",HLOOKUP($AI17,$AD$3:$AR$9,AH$11,FALSE)) | AO17: =IF($A17="","",HLOOKUP($AI17,$AD$3:$AR$9,AI$11,FALSE)) | AP17: =SUM(AJ17:AO17) -> 0 | AR17: CO2 | AT17: =AT5/AT$2 -> #DIV/0! | AU17: =AU5/AU$2 -> #DIV/0! | AV17: =AV5/AV$2 -> #DIV/0! | AW17: =AW5/AW$2 -> #DIV/0! | AX17: =AX5/AX$2 -> #DIV/0! | AY17: =AY5/AY$2 -> #DIV/0! | AZ17: =AZ5/AZ$2 -> #DIV/0! | BA17: =BA5/BA$2 -> #DIV/0! | ... BC17: =BC5/BC$2 -> #DIV/0! | BD17: =MIN(AO17:AS17) -> 0
A18: =IF(ISBLANK(CT!A33),"",CT!A33) | U18: =IF($A18="","",SUM(B18:T18)) | V18: =IF($A18="","",SUMIF($B$4:$T$4,">0",$B18:$T18)) | W18: =IF($A18="","",SUMIF($B$5:$T$5,">0",$B18:$T18)) | X18: =IF($A18="","",SUMIF($B$6:$T$6,">0",$B18:$T18)) | Y18: =IF($A18="","",SUMIF($B$7:$T$7,">0",$B18:$T18)) | Z18: =IF($A18="","",SUMIF($B$8:$T$8,">0",$B18:$T18)) | AA18: =IF($A18="","",SUMIF($B$9:$T$9,">0",$B18:$T18)) | AC18: =IF($A18="","",SUM(B18:E18)) | AD18: =IF($A18="","",SUM(G18:J18)) | AE18: =IF($A18="","",SUM(L18:O18)) | AF18: =IF($A18="","",SUM(Q18:T18)) | AG18: =COUNTIF(AC18:AF18,0) -> 0 | AH18: =IF(SUM(AC18:AF18)=0,"None",CONCATENATE(IF(AC18>0,AC$16&",",""),IF(AD18>0,AD$16&",",""),IF(AE18>0,AE$16&",",""),IF(AF18>0,AF$16,""))) -> None | AI18: =IF(AH18<>"",IF(RIGHT(AH18,1)=",",LEFT(AH18,LEN(AH18)-1),AH18),"None") -> None | AJ18: =IF($A18="","",HLOOKUP($AI18,$AD$3:$AR$9,AD$11,FALSE)) | AK18: =IF($A18="","",HLOOKUP($AI18,$AD$3:$AR$9,AE$11,FALSE)) | AL18: =IF($A18="","",HLOOKUP($AI18,$AD$3:$AR$9,AF$11,FALSE)) | AM18: =IF($A18="","",HLOOKUP($AI18,$AD$3:$AR$9,AG$11,FALSE)) | AN18: =IF($A18="","",HLOOKUP($AI18,$AD$3:$AR$9,AH$11,FALSE)) | AO18: =IF($A18="","",HLOOKUP($AI18,$AD$3:$AR$9,AI$11,FALSE)) | AP18: =SUM(AJ18:AO18) -> 0 | AR18: CO3 | AT18: =AT6/AT$2 -> #DIV/0! | AU18: =AU6/AU$2 -> #DIV/0! | AV18: =AV6/AV$2 -> #DIV/0! | AW18: =AW6/AW$2 -> #DIV/0! | AX18: =AX6/AX$2 -> #DIV/0! | AY18: =AY6/AY$2 -> #DIV/0! | AZ18: =AZ6/AZ$2 -> #DIV/0! | BA18: =BA6/BA$2 -> #DIV/0! | ... BC18: =BC6/BC$2 -> #DIV/0! | BD18: =MIN(AO18:AS18) -> 0
A19: =IF(ISBLANK(CT!A34),"",CT!A34) | U19: =IF($A19="","",SUM(B19:T19)) | V19: =IF($A19="","",SUMIF($B$4:$T$4,">0",$B19:$T19)) | W19: =IF($A19="","",SUMIF($B$5:$T$5,">0",$B19:$T19)) | X19: =IF($A19="","",SUMIF($B$6:$T$6,">0",$B19:$T19)) | Y19: =IF($A19="","",SUMIF($B$7:$T$7,">0",$B19:$T19)) | Z19: =IF($A19="","",SUMIF($B$8:$T$8,">0",$B19:$T19)) | AA19: =IF($A19="","",SUMIF($B$9:$T$9,">0",$B19:$T19)) | AC19: =IF($A19="","",SUM(B19:E19)) | AD19: =IF($A19="","",SUM(G19:J19)) | AE19: =IF($A19="","",SUM(L19:O19)) | AF19: =IF($A19="","",SUM(Q19:T19)) | AG19: =COUNTIF(AC19:AF19,0) -> 0 | AH19: =IF(SUM(AC19:AF19)=0,"None",CONCATENATE(IF(AC19>0,AC$16&",",""),IF(AD19>0,AD$16&",",""),IF(AE19>0,AE$16&",",""),IF(AF19>0,AF$16,""))) -> None | AI19: =IF(AH19<>"",IF(RIGHT(AH19,1)=",",LEFT(AH19,LEN(AH19)-1),AH19),"None") -> None | AJ19: =IF($A19="","",HLOOKUP($AI19,$AD$3:$AR$9,AD$11,FALSE)) | AK19: =IF($A19="","",HLOOKUP($AI19,$AD$3:$AR$9,AE$11,FALSE)) | AL19: =IF($A19="","",HLOOKUP($AI19,$AD$3:$AR$9,AF$11,FALSE)) | AM19: =IF($A19="","",HLOOKUP($AI19,$AD$3:$AR$9,AG$11,FALSE)) | AN19: =IF($A19="","",HLOOKUP($AI19,$AD$3:$AR$9,AH$11,FALSE)) | AO19: =IF($A19="","",HLOOKUP($AI19,$AD$3:$AR$9,AI$11,FALSE)) | AP19: =SUM(AJ19:AO19) -> 0 | AR19: CO4 | AT19: =AT7/AT$2 -> #DIV/0! | AU19: =AU7/AU$2 -> #DIV/0! | AV19: =AV7/AV$2 -> #DIV/0! | AW19: =AW7/AW$2 -> #DIV/0! | AX19: =AX7/AX$2 -> #DIV/0! | AY19: =AY7/AY$2 -> #DIV/0! | AZ19: =AZ7/AZ$2 -> #DIV/0! | BA19: =BA7/BA$2 -> #DIV/0! | ... BC19: =BC7/BC$2 -> #DIV/0! | BD19: =MIN(AO19:AS19) -> 0
A20: =IF(ISBLANK(CT!A35),"",CT!A35) | U20: =IF($A20="","",SUM(B20:T20)) | V20: =IF($A20="","",SUMIF($B$4:$T$4,">0",$B20:$T20)) | W20: =IF($A20="","",SUMIF($B$5:$T$5,">0",$B20:$T20)) | X20: =IF($A20="","",SUMIF($B$6:$T$6,">0",$B20:$T20)) | Y20: =IF($A20="","",SUMIF($B$7:$T$7,">0",$B20:$T20)) | Z20: =IF($A20="","",SUMIF($B$8:$T$8,">0",$B20:$T20)) | AA20: =IF($A20="","",SUMIF($B$9:$T$9,">0",$B20:$T20)) | AC20: =IF($A20="","",SUM(B20:E20)) | AD20: =IF($A20="","",SUM(G20:J20)) | AE20: =IF($A20="","",SUM(L20:O20)) | AF20: =IF($A20="","",SUM(Q20:T20)) | AG20: =COUNTIF(AC20:AF20,0) -> 0 | AH20: =IF(SUM(AC20:AF20)=0,"None",CONCATENATE(IF(AC20>0,AC$16&",",""),IF(AD20>0,AD$16&",",""),IF(AE20>0,AE$16&",",""),IF(AF20>0,AF$16,""))) -> None | AI20: =IF(AH20<>"",IF(RIGHT(AH20,1)=",",LEFT(AH20,LEN(AH20)-1),AH20),"None") -> None | AJ20: =IF($A20="","",HLOOKUP($AI20,$AD$3:$AR$9,AD$11,FALSE)) | AK20: =IF($A20="","",HLOOKUP($AI20,$AD$3:$AR$9,AE$11,FALSE)) | AL20: =IF($A20="","",HLOOKUP($AI20,$AD$3:$AR$9,AF$11,FALSE)) | AM20: =IF($A20="","",HLOOKUP($AI20,$AD$3:$AR$9,AG$11,FALSE)) | AN20: =IF($A20="","",HLOOKUP($AI20,$AD$3:$AR$9,AH$11,FALSE)) | AO20: =IF($A20="","",HLOOKUP($AI20,$AD$3:$AR$9,AI$11,FALSE)) | AP20: =SUM(AJ20:AO20) -> 0 | AR20: CO5 | AT20: =AT8/AT$2 -> #DIV/0! | AU20: =AU8/AU$2 -> #DIV/0! | AV20: =AV8/AV$2 -> #DIV/0! | AW20: =AW8/AW$2 -> #DIV/0! | AX20: =AX8/AX$2 -> #DIV/0! | AY20: =AY8/AY$2 -> #DIV/0! | AZ20: =AZ8/AZ$2 -> #DIV/0! | BA20: =BA8/BA$2 -> #DIV/0! | ... BC20: =BC8/BC$2 -> #DIV/0! | BD20: =MIN(AO20:AS20) -> 0
A21: =IF(ISBLANK(CT!A36),"",CT!A36) | U21: =IF($A21="","",SUM(B21:T21)) | V21: =IF($A21="","",SUMIF($B$4:$T$4,">0",$B21:$T21)) | W21: =IF($A21="","",SUMIF($B$5:$T$5,">0",$B21:$T21)) | X21: =IF($A21="","",SUMIF($B$6:$T$6,">0",$B21:$T21)) | Y21: =IF($A21="","",SUMIF($B$7:$T$7,">0",$B21:$T21)) | Z21: =IF($A21="","",SUMIF($B$8:$T$8,">0",$B21:$T21)) | AA21: =IF($A21="","",SUMIF($B$9:$T$9,">0",$B21:$T21)) | AC21: =IF($A21="","",SUM(B21:E21)) | AD21: =IF($A21="","",SUM(G21:J21)) | AE21: =IF($A21="","",SUM(L21:O21)) | AF21: =IF($A21="","",SUM(Q21:T21)) | AG21: =COUNTIF(AC21:AF21,0) -> 0 | AH21: =IF(SUM(AC21:AF21)=0,"None",CONCATENATE(IF(AC21>0,AC$16&",",""),IF(AD21>0,AD$16&",",""),IF(AE21>0,AE$16&",",""),IF(AF21>0,AF$16,""))) -> None | AI21: =IF(AH21<>"",IF(RIGHT(AH21,1)=",",LEFT(AH21,LEN(AH21)-1),AH21),"None") -> None | AJ21: =IF($A21="","",HLOOKUP($AI21,$AD$3:$AR$9,AD$11,FALSE)) | AK21: =IF($A21="","",HLOOKUP($AI21,$AD$3:$AR$9,AE$11,FALSE)) | AL21: =IF($A21="","",HLOOKUP($AI21,$AD$3:$AR$9,AF$11,FALSE)) | AM21: =IF($A21="","",HLOOKUP($AI21,$AD$3:$AR$9,AG$11,FALSE)) | AN21: =IF($A21="","",HLOOKUP($AI21,$AD$3:$AR$9,AH$11,FALSE)) | AO21: =IF($A21="","",HLOOKUP($AI21,$AD$3:$AR$9,AI$11,FALSE)) | AP21: =SUM(AJ21:AO21) -> 0 | AR21: CO6 | AT21: =AT9/AT$2 -> #DIV/0! | AU21: =AU9/AU$2 -> #DIV/0! | AV21: =AV9/AV$2 -> #DIV/0! | AW21: =AW9/AW$2 -> #DIV/0! | AX21: =AX9/AX$2 -> #DIV/0! | AY21: =AY9/AY$2 -> #DIV/0! | AZ21: =AZ9/AZ$2 -> #DIV/0! | BA21: =BA9/BA$2 -> #DIV/0! | ... BC21: =BC9/BC$2 -> #DIV/0! | BD21: =MIN(AO21:AS21) -> 0
A22: =IF(ISBLANK(CT!A37),"",CT!A37) | U22: =IF($A22="","",SUM(B22:T22)) | V22: =IF($A22="","",SUMIF($B$4:$T$4,">0",$B22:$T22)) | W22: =IF($A22="","",SUMIF($B$5:$T$5,">0",$B22:$T22)) | X22: =IF($A22="","",SUMIF($B$6:$T$6,">0",$B22:$T22)) | Y22: =IF($A22="","",SUMIF($B$7:$T$7,">0",$B22:$T22)) | Z22: =IF($A22="","",SUMIF($B$8:$T$8,">0",$B22:$T22)) | AA22: =IF($A22="","",SUMIF($B$9:$T$9,">0",$B22:$T22)) | AC22: =IF($A22="","",SUM(B22:E22)) | AD22: =IF($A22="","",SUM(G22:J22)) | AE22: =IF($A22="","",SUM(L22:O22)) | AF22: =IF($A22="","",SUM(Q22:T22)) | AG22: =COUNTIF(AC22:AF22,0) -> 0 | AH22: =IF(SUM(AC22:AF22)=0,"None",CONCATENATE(IF(AC22>0,AC$16&",",""),IF(AD22>0,AD$16&",",""),IF(AE22>0,AE$16&",",""),IF(AF22>0,AF$16,""))) -> None | AI22: =IF(AH22<>"",IF(RIGHT(AH22,1)=",",LEFT(AH22,LEN(AH22)-1),AH22),"None") -> None | AJ22: =IF($A22="","",HLOOKUP($AI22,$AD$3:$AR$9,AD$11,FALSE)) | AK22: =IF($A22="","",HLOOKUP($AI22,$AD$3:$AR$9,AE$11,FALSE)) | AL22: =IF($A22="","",HLOOKUP($AI22,$AD$3:$AR$9,AF$11,FALSE)) | AM22: =IF($A22="","",HLOOKUP($AI22,$AD$3:$AR$9,AG$11,FALSE)) | AN22: =IF($A22="","",HLOOKUP($AI22,$AD$3:$AR$9,AH$11,FALSE)) | AO22: =IF($A22="","",HLOOKUP($AI22,$AD$3:$AR$9,AI$11,FALSE)) | AP22: =SUM(AJ22:AO22) -> 0
A23: =IF(ISBLANK(CT!A38),"",CT!A38) | U23: =IF($A23="","",SUM(B23:T23)) | V23: =IF($A23="","",SUMIF($B$4:$T$4,">0",$B23:$T23)) | W23: =IF($A23="","",SUMIF($B$5:$T$5,">0",$B23:$T23)) | X23: =IF($A23="","",SUMIF($B$6:$T$6,">0",$B23:$T23)) | Y23: =IF($A23="","",SUMIF($B$7:$T$7,">0",$B23:$T23)) | Z23: =IF($A23="","",SUMIF($B$8:$T$8,">0",$B23:$T23)) | AA23: =IF($A23="","",SUMIF($B$9:$T$9,">0",$B23:$T23)) | AC23: =IF($A23="","",SUM(B23:E23)) | AD23: =IF($A23="","",SUM(G23:J23)) | AE23: =IF($A23="","",SUM(L23:O23)) | AF23: =IF($A23="","",SUM(Q23:T23)) | AG23: =COUNTIF(AC23:AF23,0) -> 0 | AH23: =IF(SUM(AC23:AF23)=0,"None",CONCATENATE(IF(AC23>0,AC$16&",",""),IF(AD23>0,AD$16&",",""),IF(AE23>0,AE$16&",",""),IF(AF23>0,AF$16,""))) -> None | AI23: =IF(AH23<>"",IF(RIGHT(AH23,1)=",",LEFT(AH23,LEN(AH23)-1),AH23),"None") -> None | AJ23: =IF($A23="","",HLOOKUP($AI23,$AD$3:$AR$9,AD$11,FALSE)) | AK23: =IF($A23="","",HLOOKUP($AI23,$AD$3:$AR$9,AE$11,FALSE)) | AL23: =IF($A23="","",HLOOKUP($AI23,$AD$3:$AR$9,AF$11,FALSE)) | AM23: =IF($A23="","",HLOOKUP($AI23,$AD$3:$AR$9,AG$11,FALSE)) | AN23: =IF($A23="","",HLOOKUP($AI23,$AD$3:$AR$9,AH$11,FALSE)) | AO23: =IF($A23="","",HLOOKUP($AI23,$AD$3:$AR$9,AI$11,FALSE)) | AP23: =SUM(AJ23:AO23) -> 0
A24: =IF(ISBLANK(CT!A39),"",CT!A39) | U24: =IF($A24="","",SUM(B24:T24)) | V24: =IF($A24="","",SUMIF($B$4:$T$4,">0",$B24:$T24)) | W24: =IF($A24="","",SUMIF($B$5:$T$5,">0",$B24:$T24)) | X24: =IF($A24="","",SUMIF($B$6:$T$6,">0",$B24:$T24)) | Y24: =IF($A24="","",SUMIF($B$7:$T$7,">0",$B24:$T24)) | Z24: =IF($A24="","",SUMIF($B$8:$T$8,">0",$B24:$T24)) | AA24: =IF($A24="","",SUMIF($B$9:$T$9,">0",$B24:$T24)) | AC24: =IF($A24="","",SUM(B24:E24)) | AD24: =IF($A24="","",SUM(G24:J24)) | AE24: =IF($A24="","",SUM(L24:O24)) | AF24: =IF($A24="","",SUM(Q24:T24)) | AG24: =COUNTIF(AC24:AF24,0) -> 0 | AH24: =IF(SUM(AC24:AF24)=0,"None",CONCATENATE(IF(AC24>0,AC$16&",",""),IF(AD24>0,AD$16&",",""),IF(AE24>0,AE$16&",",""),IF(AF24>0,AF$16,""))) -> None | AI24: =IF(AH24<>"",IF(RIGHT(AH24,1)=",",LEFT(AH24,LEN(AH24)-1),AH24),"None") -> None | AJ24: =IF($A24="","",HLOOKUP($AI24,$AD$3:$AR$9,AD$11,FALSE)) | AK24: =IF($A24="","",HLOOKUP($AI24,$AD$3:$AR$9,AE$11,FALSE)) | AL24: =IF($A24="","",HLOOKUP($AI24,$AD$3:$AR$9,AF$11,FALSE)) | AM24: =IF($A24="","",HLOOKUP($AI24,$AD$3:$AR$9,AG$11,FALSE)) | AN24: =IF($A24="","",HLOOKUP($AI24,$AD$3:$AR$9,AH$11,FALSE)) | AO24: =IF($A24="","",HLOOKUP($AI24,$AD$3:$AR$9,AI$11,FALSE)) | AP24: =SUM(AJ24:AO24) -> 0 | AT24: Distane
A25: =IF(ISBLANK(CT!A40),"",CT!A40) | U25: =IF($A25="","",SUM(B25:T25)) | V25: =IF($A25="","",SUMIF($B$4:$T$4,">0",$B25:$T25)) | W25: =IF($A25="","",SUMIF($B$5:$T$5,">0",$B25:$T25)) | X25: =IF($A25="","",SUMIF($B$6:$T$6,">0",$B25:$T25)) | Y25: =IF($A25="","",SUMIF($B$7:$T$7,">0",$B25:$T25)) | Z25: =IF($A25="","",SUMIF($B$8:$T$8,">0",$B25:$T25)) | AA25: =IF($A25="","",SUMIF($B$9:$T$9,">0",$B25:$T25)) | AC25: =IF($A25="","",SUM(B25:E25)) | AD25: =IF($A25="","",SUM(G25:J25)) | AE25: =IF($A25="","",SUM(L25:O25)) | AF25: =IF($A25="","",SUM(Q25:T25)) | AG25: =COUNTIF(AC25:AF25,0) -> 0 | AH25: =IF(SUM(AC25:AF25)=0,"None",CONCATENATE(IF(AC25>0,AC$16&",",""),IF(AD25>0,AD$16&",",""),IF(AE25>0,AE$16&",",""),IF(AF25>0,AF$16,""))) -> None | AI25: =IF(AH25<>"",IF(RIGHT(AH25,1)=",",LEFT(AH25,LEN(AH25)-1),AH25),"None") -> None | AJ25: =IF($A25="","",HLOOKUP($AI25,$AD$3:$AR$9,AD$11,FALSE)) | AK25: =IF($A25="","",HLOOKUP($AI25,$AD$3:$AR$9,AE$11,FALSE)) | AL25: =IF($A25="","",HLOOKUP($AI25,$AD$3:$AR$9,AF$11,FALSE)) | AM25: =IF($A25="","",HLOOKUP($AI25,$AD$3:$AR$9,AG$11,FALSE)) | AN25: =IF($A25="","",HLOOKUP($AI25,$AD$3:$AR$9,AH$11,FALSE)) | AO25: =IF($A25="","",HLOOKUP($AI25,$AD$3:$AR$9,AI$11,FALSE)) | AP25: =SUM(AJ25:AO25) -> 0
A26: =IF(ISBLANK(CT!A41),"",CT!A41) | U26: =IF($A26="","",SUM(B26:T26)) | V26: =IF($A26="","",SUMIF($B$4:$T$4,">0",$B26:$T26)) | W26: =IF($A26="","",SUMIF($B$5:$T$5,">0",$B26:$T26)) | X26: =IF($A26="","",SUMIF($B$6:$T$6,">0",$B26:$T26)) | Y26: =IF($A26="","",SUMIF($B$7:$T$7,">0",$B26:$T26)) | Z26: =IF($A26="","",SUMIF($B$8:$T$8,">0",$B26:$T26)) | AA26: =IF($A26="","",SUMIF($B$9:$T$9,">0",$B26:$T26)) | AC26: =IF($A26="","",SUM(B26:E26)) | AD26: =IF($A26="","",SUM(G26:J26)) | AE26: =IF($A26="","",SUM(L26:O26)) | AF26: =IF($A26="","",SUM(Q26:T26)) | AG26: =COUNTIF(AC26:AF26,0) -> 0 | AH26: =IF(SUM(AC26:AF26)=0,"None",CONCATENATE(IF(AC26>0,AC$16&",",""),IF(AD26>0,AD$16&",",""),IF(AE26>0,AE$16&",",""),IF(AF26>0,AF$16,""))) -> None | AI26: =IF(AH26<>"",IF(RIGHT(AH26,1)=",",LEFT(AH26,LEN(AH26)-1),AH26),"None") -> None | AJ26: =IF($A26="","",HLOOKUP($AI26,$AD$3:$AR$9,AD$11,FALSE)) | AK26: =IF($A26="","",HLOOKUP($AI26,$AD$3:$AR$9,AE$11,FALSE)) | AL26: =IF($A26="","",HLOOKUP($AI26,$AD$3:$AR$9,AF$11,FALSE)) | AM26: =IF($A26="","",HLOOKUP($AI26,$AD$3:$AR$9,AG$11,FALSE)) | AN26: =IF($A26="","",HLOOKUP($AI26,$AD$3:$AR$9,AH$11,FALSE)) | AO26: =IF($A26="","",HLOOKUP($AI26,$AD$3:$AR$9,AI$11,FALSE)) | AP26: =SUM(AJ26:AO26) -> 0 | AT26: =AT15 -> 1,2 | AU26: =AU15 -> 1,3 | AV26: =AV15 -> 1,4 | AW26: =AW15 -> 2,3 | AX26: =AX15 -> 2,4 | AY26: =AY15 -> 3,4 | AZ26: =AZ15 -> 1 | BA26: =BA15 -> 2 | ... BD26: =BD15 -> None
A27: =IF(ISBLANK(CT!A42),"",CT!A42) | U27: =IF($A27="","",SUM(B27:T27)) | V27: =IF($A27="","",SUMIF($B$4:$T$4,">0",$B27:$T27)) | W27: =IF($A27="","",SUMIF($B$5:$T$5,">0",$B27:$T27)) | X27: =IF($A27="","",SUMIF($B$6:$T$6,">0",$B27:$T27)) | Y27: =IF($A27="","",SUMIF($B$7:$T$7,">0",$B27:$T27)) | Z27: =IF($A27="","",SUMIF($B$8:$T$8,">0",$B27:$T27)) | AA27: =IF($A27="","",SUMIF($B$9:$T$9,">0",$B27:$T27)) | AC27: =IF($A27="","",SUM(B27:E27)) | AD27: =IF($A27="","",SUM(G27:J27)) | AE27: =IF($A27="","",SUM(L27:O27)) | AF27: =IF($A27="","",SUM(Q27:T27)) | AG27: =COUNTIF(AC27:AF27,0) -> 0 | AH27: =IF(SUM(AC27:AF27)=0,"None",CONCATENATE(IF(AC27>0,AC$16&",",""),IF(AD27>0,AD$16&",",""),IF(AE27>0,AE$16&",",""),IF(AF27>0,AF$16,""))) -> None | AI27: =IF(AH27<>"",IF(RIGHT(AH27,1)=",",LEFT(AH27,LEN(AH27)-1),AH27),"None") -> None | AJ27: =IF($A27="","",HLOOKUP($AI27,$AD$3:$AR$9,AD$11,FALSE)) | AK27: =IF($A27="","",HLOOKUP($AI27,$AD$3:$AR$9,AE$11,FALSE)) | AL27: =IF($A27="","",HLOOKUP($AI27,$AD$3:$AR$9,AF$11,FALSE)) | AM27: =IF($A27="","",HLOOKUP($AI27,$AD$3:$AR$9,AG$11,FALSE)) | AN27: =IF($A27="","",HLOOKUP($AI27,$AD$3:$AR$9,AH$11,FALSE)) | AO27: =IF($A27="","",HLOOKUP($AI27,$AD$3:$AR$9,AI$11,FALSE)) | AP27: =SUM(AJ27:AO27) -> 0 | AR27: =AT15 -> 1,2 | AT27: =SUMXMY2($AT$16:$AT$21,AT16:AT21) -> #DIV/0! | AU27: =SUMXMY2($AT$16:$AT$21,AU16:AU21) -> #DIV/0! | AV27: =SUMXMY2($AT$16:$AT$21,AV16:AV21) -> #DIV/0! | AW27: =SUMXMY2($AT$16:$AT$21,AW16:AW21) -> #DIV/0! | AX27: =SUMXMY2($AT$16:$AT$21,AX16:AX21) -> #DIV/0! | AY27: =SUMXMY2($AT$16:$AT$21,AY16:AY21) -> #DIV/0! | AZ27: =SUMXMY2($AT$16:$AT$21,AZ16:AZ21) -> #DIV/0! | BA27: =SUMXMY2($AT$16:$AT$21,BA16:BA21) -> #DIV/0! | ... BC27: =SUMXMY2($AT$16:$AT$21,BC16:BC21) -> #DIV/0!
A28: =IF(ISBLANK(CT!A43),"",CT!A43) | U28: =IF($A28="","",SUM(B28:T28)) | V28: =IF($A28="","",SUMIF($B$4:$T$4,">0",$B28:$T28)) | W28: =IF($A28="","",SUMIF($B$5:$T$5,">0",$B28:$T28)) | X28: =IF($A28="","",SUMIF($B$6:$T$6,">0",$B28:$T28)) | Y28: =IF($A28="","",SUMIF($B$7:$T$7,">0",$B28:$T28)) | Z28: =IF($A28="","",SUMIF($B$8:$T$8,">0",$B28:$T28)) | AA28: =IF($A28="","",SUMIF($B$9:$T$9,">0",$B28:$T28)) | AC28: =IF($A28="","",SUM(B28:E28)) | AD28: =IF($A28="","",SUM(G28:J28)) | AE28: =IF($A28="","",SUM(L28:O28)) | AF28: =IF($A28="","",SUM(Q28:T28)) | AG28: =COUNTIF(AC28:AF28,0) -> 0 | AH28: =IF(SUM(AC28:AF28)=0,"None",CONCATENATE(IF(AC28>0,AC$16&",",""),IF(AD28>0,AD$16&",",""),IF(AE28>0,AE$16&",",""),IF(AF28>0,AF$16,""))) -> None | AI28: =IF(AH28<>"",IF(RIGHT(AH28,1)=",",LEFT(AH28,LEN(AH28)-1),AH28),"None") -> None | AJ28: =IF($A28="","",HLOOKUP($AI28,$AD$3:$AR$9,AD$11,FALSE)) | AK28: =IF($A28="","",HLOOKUP($AI28,$AD$3:$AR$9,AE$11,FALSE)) | AL28: =IF($A28="","",HLOOKUP($AI28,$AD$3:$AR$9,AF$11,FALSE)) | AM28: =IF($A28="","",HLOOKUP($AI28,$AD$3:$AR$9,AG$11,FALSE)) | AN28: =IF($A28="","",HLOOKUP($AI28,$AD$3:$AR$9,AH$11,FALSE)) | AO28: =IF($A28="","",HLOOKUP($AI28,$AD$3:$AR$9,AI$11,FALSE)) | AP28: =SUM(AJ28:AO28) -> 0 | AR28: =AU15 -> 1,3 | AT28: =SUMXMY2($AU$16:$AU$21,AT$16:AT$21) -> #DIV/0! | AU28: =SUMXMY2($AU$16:$AU$21,AU$16:AU$21) -> #DIV/0! | AV28: =SUMXMY2($AU$16:$AU$21,AV$16:AV$21) -> #DIV/0! | AW28: =SUMXMY2($AU$16:$AU$21,AW$16:AW$21) -> #DIV/0! | AX28: =SUMXMY2($AU$16:$AU$21,AX$16:AX$21) -> #DIV/0! | AY28: =SUMXMY2($AU$16:$AU$21,AY$16:AY$21) -> #DIV/0! | AZ28: =SUMXMY2($AU$16:$AU$21,AZ$16:AZ$21) -> #DIV/0! | BA28: =SUMXMY2($AU$16:$AU$21,BA$16:BA$21) -> #DIV/0! | ... BC28: =SUMXMY2($AU$16:$AU$21,BC$16:BC$21) -> #DIV/0!
A29: =IF(ISBLANK(CT!A44),"",CT!A44) | U29: =IF($A29="","",SUM(B29:T29)) | V29: =IF($A29="","",SUMIF($B$4:$T$4,">0",$B29:$T29)) | W29: =IF($A29="","",SUMIF($B$5:$T$5,">0",$B29:$T29)) | X29: =IF($A29="","",SUMIF($B$6:$T$6,">0",$B29:$T29)) | Y29: =IF($A29="","",SUMIF($B$7:$T$7,">0",$B29:$T29)) | Z29: =IF($A29="","",SUMIF($B$8:$T$8,">0",$B29:$T29)) | AA29: =IF($A29="","",SUMIF($B$9:$T$9,">0",$B29:$T29)) | AC29: =IF($A29="","",SUM(B29:E29)) | AD29: =IF($A29="","",SUM(G29:J29)) | AE29: =IF($A29="","",SUM(L29:O29)) | AF29: =IF($A29="","",SUM(Q29:T29)) | AG29: =COUNTIF(AC29:AF29,0) -> 0 | AH29: =IF(SUM(AC29:AF29)=0,"None",CONCATENATE(IF(AC29>0,AC$16&",",""),IF(AD29>0,AD$16&",",""),IF(AE29>0,AE$16&",",""),IF(AF29>0,AF$16,""))) -> None | AI29: =IF(AH29<>"",IF(RIGHT(AH29,1)=",",LEFT(AH29,LEN(AH29)-1),AH29),"None") -> None | AJ29: =IF($A29="","",HLOOKUP($AI29,$AD$3:$AR$9,AD$11,FALSE)) | AK29: =IF($A29="","",HLOOKUP($AI29,$AD$3:$AR$9,AE$11,FALSE)) | AL29: =IF($A29="","",HLOOKUP($AI29,$AD$3:$AR$9,AF$11,FALSE)) | AM29: =IF($A29="","",HLOOKUP($AI29,$AD$3:$AR$9,AG$11,FALSE)) | AN29: =IF($A29="","",HLOOKUP($AI29,$AD$3:$AR$9,AH$11,FALSE)) | AO29: =IF($A29="","",HLOOKUP($AI29,$AD$3:$AR$9,AI$11,FALSE)) | AP29: =SUM(AJ29:AO29) -> 0 | AR29: =AV15 -> 1,4 | AT29: =SUMXMY2($AV$16:$AV$21,AT$16:AT$21) -> #DIV/0! | AU29: =SUMXMY2($AV$16:$AV$21,AU$16:AU$21) -> #DIV/0! | AV29: =SUMXMY2($AV$16:$AV$21,AV$16:AV$21) -> #DIV/0! | AW29: =SUMXMY2($AV$16:$AV$21,AW$16:AW$21) -> #DIV/0! | AX29: =SUMXMY2($AV$16:$AV$21,AX$16:AX$21) -> #DIV/0! | AY29: =SUMXMY2($AV$16:$AV$21,AY$16:AY$21) -> #DIV/0! | AZ29: =SUMXMY2($AV$16:$AV$21,AZ$16:AZ$21) -> #DIV/0! | BA29: =SUMXMY2($AV$16:$AV$21,BA$16:BA$21) -> #DIV/0! | ... BC29: =SUMXMY2($AV$16:$AV$21,BC$16:BC$21) -> #DIV/0!
A30: =IF(ISBLANK(CT!A45),"",CT!A45) | U30: =IF($A30="","",SUM(B30:T30)) | V30: =IF($A30="","",SUMIF($B$4:$T$4,">0",$B30:$T30)) | W30: =IF($A30="","",SUMIF($B$5:$T$5,">0",$B30:$T30)) | X30: =IF($A30="","",SUMIF($B$6:$T$6,">0",$B30:$T30)) | Y30: =IF($A30="","",SUMIF($B$7:$T$7,">0",$B30:$T30)) | Z30: =IF($A30="","",SUMIF($B$8:$T$8,">0",$B30:$T30)) | AA30: =IF($A30="","",SUMIF($B$9:$T$9,">0",$B30:$T30)) | AC30: =IF($A30="","",SUM(B30:E30)) | AD30: =IF($A30="","",SUM(G30:J30)) | AE30: =IF($A30="","",SUM(L30:O30)) | AF30: =IF($A30="","",SUM(Q30:T30)) | AG30: =COUNTIF(AC30:AF30,0) -> 0 | AH30: =IF(SUM(AC30:AF30)=0,"None",CONCATENATE(IF(AC30>0,AC$16&",",""),IF(AD30>0,AD$16&",",""),IF(AE30>0,AE$16&",",""),IF(AF30>0,AF$16,""))) -> None | AI30: =IF(AH30<>"",IF(RIGHT(AH30,1)=",",LEFT(AH30,LEN(AH30)-1),AH30),"None") -> None | AJ30: =IF($A30="","",HLOOKUP($AI30,$AD$3:$AR$9,AD$11,FALSE)) | AK30: =IF($A30="","",HLOOKUP($AI30,$AD$3:$AR$9,AE$11,FALSE)) | AL30: =IF($A30="","",HLOOKUP($AI30,$AD$3:$AR$9,AF$11,FALSE)) | AM30: =IF($A30="","",HLOOKUP($AI30,$AD$3:$AR$9,AG$11,FALSE)) | AN30: =IF($A30="","",HLOOKUP($AI30,$AD$3:$AR$9,AH$11,FALSE)) | AO30: =IF($A30="","",HLOOKUP($AI30,$AD$3:$AR$9,AI$11,FALSE)) | AP30: =SUM(AJ30:AO30) -> 0 | AR30: =AW15 -> 2,3 | AT30: =SUMXMY2($AW$16:$AW$21,AT$16:AT$21) -> #DIV/0! | AU30: =SUMXMY2($AW$16:$AW$21,AU$16:AU$21) -> #DIV/0! | AV30: =SUMXMY2($AW$16:$AW$21,AV$16:AV$21) -> #DIV/0! | AW30: =SUMXMY2($AW$16:$AW$21,AW$16:AW$21) -> #DIV/0! | AX30: =SUMXMY2($AW$16:$AW$21,AX$16:AX$21) -> #DIV/0! | AY30: =SUMXMY2($AW$16:$AW$21,AY$16:AY$21) -> #DIV/0! | AZ30: =SUMXMY2($AW$16:$AW$21,AZ$16:AZ$21) -> #DIV/0! | BA30: =SUMXMY2($AW$16:$AW$21,BA$16:BA$21) -> #DIV/0! | ... BC30: =SUMXMY2($AW$16:$AW$21,BC$16:BC$21) -> #DIV/0!
A31: =IF(ISBLANK(CT!A46),"",CT!A46) | U31: =IF($A31="","",SUM(B31:T31)) | V31: =IF($A31="","",SUMIF($B$4:$T$4,">0",$B31:$T31)) | W31: =IF($A31="","",SUMIF($B$5:$T$5,">0",$B31:$T31)) | X31: =IF($A31="","",SUMIF($B$6:$T$6,">0",$B31:$T31)) | Y31: =IF($A31="","",SUMIF($B$7:$T$7,">0",$B31:$T31)) | Z31: =IF($A31="","",SUMIF($B$8:$T$8,">0",$B31:$T31)) | AA31: =IF($A31="","",SUMIF($B$9:$T$9,">0",$B31:$T31)) | AC31: =IF($A31="","",SUM(B31:E31)) | AD31: =IF($A31="","",SUM(G31:J31)) | AE31: =IF($A31="","",SUM(L31:O31)) | AF31: =IF($A31="","",SUM(Q31:T31)) | AG31: =COUNTIF(AC31:AF31,0) -> 0 | AH31: =IF(SUM(AC31:AF31)=0,"None",CONCATENATE(IF(AC31>0,AC$16&",",""),IF(AD31>0,AD$16&",",""),IF(AE31>0,AE$16&",",""),IF(AF31>0,AF$16,""))) -> None | AI31: =IF(AH31<>"",IF(RIGHT(AH31,1)=",",LEFT(AH31,LEN(AH31)-1),AH31),"None") -> None | AJ31: =IF($A31="","",HLOOKUP($AI31,$AD$3:$AR$9,AD$11,FALSE)) | AK31: =IF($A31="","",HLOOKUP($AI31,$AD$3:$AR$9,AE$11,FALSE)) | AL31: =IF($A31="","",HLOOKUP($AI31,$AD$3:$AR$9,AF$11,FALSE)) | AM31: =IF($A31="","",HLOOKUP($AI31,$AD$3:$AR$9,AG$11,FALSE)) | AN31: =IF($A31="","",HLOOKUP($AI31,$AD$3:$AR$9,AH$11,FALSE)) | AO31: =IF($A31="","",HLOOKUP($AI31,$AD$3:$AR$9,AI$11,FALSE)) | AP31: =SUM(AJ31:AO31) -> 0 | AR31: =AX15 -> 2,4 | AT31: =SUMXMY2($AX$16:$AX$21,AT$16:AT$21) -> #DIV/0! | AU31: =SUMXMY2($AX$16:$AX$21,AU$16:AU$21) -> #DIV/0! | AV31: =SUMXMY2($AX$16:$AX$21,AV$16:AV$21) -> #DIV/0! | AW31: =SUMXMY2($AX$16:$AX$21,AW$16:AW$21) -> #DIV/0! | AX31: =SUMXMY2($AX$16:$AX$21,AX$16:AX$21) -> #DIV/0! | AY31: =SUMXMY2($AX$16:$AX$21,AY$16:AY$21) -> #DIV/0! | AZ31: =SUMXMY2($AX$16:$AX$21,AZ$16:AZ$21) -> #DIV/0! | BA31: =SUMXMY2($AX$16:$AX$21,BA$16:BA$21) -> #DIV/0! | ... BC31: =SUMXMY2($AX$16:$AX$21,BC$16:BC$21) -> #DIV/0!
A32: =IF(ISBLANK(CT!A47),"",CT!A47) | U32: =IF($A32="","",SUM(B32:T32)) | V32: =IF($A32="","",SUMIF($B$4:$T$4,">0",$B32:$T32)) | W32: =IF($A32="","",SUMIF($B$5:$T$5,">0",$B32:$T32)) | X32: =IF($A32="","",SUMIF($B$6:$T$6,">0",$B32:$T32)) | Y32: =IF($A32="","",SUMIF($B$7:$T$7,">0",$B32:$T32)) | Z32: =IF($A32="","",SUMIF($B$8:$T$8,">0",$B32:$T32)) | AA32: =IF($A32="","",SUMIF($B$9:$T$9,">0",$B32:$T32)) | AC32: =IF($A32="","",SUM(B32:E32)) | AD32: =IF($A32="","",SUM(G32:J32)) | AE32: =IF($A32="","",SUM(L32:O32)) | AF32: =IF($A32="","",SUM(Q32:T32)) | AG32: =COUNTIF(AC32:AF32,0) -> 0 | AH32: =IF(SUM(AC32:AF32)=0,"None",CONCATENATE(IF(AC32>0,AC$16&",",""),IF(AD32>0,AD$16&",",""),IF(AE32>0,AE$16&",",""),IF(AF32>0,AF$16,""))) -> None | AI32: =IF(AH32<>"",IF(RIGHT(AH32,1)=",",LEFT(AH32,LEN(AH32)-1),AH32),"None") -> None | AJ32: =IF($A32="","",HLOOKUP($AI32,$AD$3:$AR$9,AD$11,FALSE)) | AK32: =IF($A32="","",HLOOKUP($AI32,$AD$3:$AR$9,AE$11,FALSE)) | AL32: =IF($A32="","",HLOOKUP($AI32,$AD$3:$AR$9,AF$11,FALSE)) | AM32: =IF($A32="","",HLOOKUP($AI32,$AD$3:$AR$9,AG$11,FALSE)) | AN32: =IF($A32="","",HLOOKUP($AI32,$AD$3:$AR$9,AH$11,FALSE)) | AO32: =IF($A32="","",HLOOKUP($AI32,$AD$3:$AR$9,AI$11,FALSE)) | AP32: =SUM(AJ32:AO32) -> 0 | AR32: =AY15 -> 3,4 | AT32: =SUMXMY2($AY$16:$AY$21,AT$16:AT$21) -> #DIV/0! | AU32: =SUMXMY2($AY$16:$AY$21,AU$16:AU$21) -> #DIV/0! | AV32: =SUMXMY2($AY$16:$AY$21,AV$16:AV$21) -> #DIV/0! | AW32: =SUMXMY2($AY$16:$AY$21,AW$16:AW$21) -> #DIV/0! | AX32: =SUMXMY2($AY$16:$AY$21,AX$16:AX$21) -> #DIV/0! | AY32: =SUMXMY2($AY$16:$AY$21,AY$16:AY$21) -> #DIV/0! | AZ32: =SUMXMY2($AY$16:$AY$21,AZ$16:AZ$21) -> #DIV/0! | BA32: =SUMXMY2($AY$16:$AY$21,BA$16:BA$21) -> #DIV/0! | ... BC32: =SUMXMY2($AY$16:$AY$21,BC$16:BC$21) -> #DIV/0!
A33: =IF(ISBLANK(CT!A48),"",CT!A48) | U33: =IF($A33="","",SUM(B33:T33)) | V33: =IF($A33="","",SUMIF($B$4:$T$4,">0",$B33:$T33)) | W33: =IF($A33="","",SUMIF($B$5:$T$5,">0",$B33:$T33)) | X33: =IF($A33="","",SUMIF($B$6:$T$6,">0",$B33:$T33)) | Y33: =IF($A33="","",SUMIF($B$7:$T$7,">0",$B33:$T33)) | Z33: =IF($A33="","",SUMIF($B$8:$T$8,">0",$B33:$T33)) | AA33: =IF($A33="","",SUMIF($B$9:$T$9,">0",$B33:$T33)) | AC33: =IF($A33="","",SUM(B33:E33)) | AD33: =IF($A33="","",SUM(G33:J33)) | AE33: =IF($A33="","",SUM(L33:O33)) | AF33: =IF($A33="","",SUM(Q33:T33)) | AG33: =COUNTIF(AC33:AF33,0) -> 0 | AH33: =IF(SUM(AC33:AF33)=0,"None",CONCATENATE(IF(AC33>0,AC$16&",",""),IF(AD33>0,AD$16&",",""),IF(AE33>0,AE$16&",",""),IF(AF33>0,AF$16,""))) -> None | AI33: =IF(AH33<>"",IF(RIGHT(AH33,1)=",",LEFT(AH33,LEN(AH33)-1),AH33),"None") -> None | AJ33: =IF($A33="","",HLOOKUP($AI33,$AD$3:$AR$9,AD$11,FALSE)) | AK33: =IF($A33="","",HLOOKUP($AI33,$AD$3:$AR$9,AE$11,FALSE)) | AL33: =IF($A33="","",HLOOKUP($AI33,$AD$3:$AR$9,AF$11,FALSE)) | AM33: =IF($A33="","",HLOOKUP($AI33,$AD$3:$AR$9,AG$11,FALSE)) | AN33: =IF($A33="","",HLOOKUP($AI33,$AD$3:$AR$9,AH$11,FALSE)) | AO33: =IF($A33="","",HLOOKUP($AI33,$AD$3:$AR$9,AI$11,FALSE)) | AP33: =SUM(AJ33:AO33) -> 0 | AR33: =AZ15 -> 1 | AT33: =SUMXMY2($AZ$16:$AZ$21,AT$16:AT$21) -> #DIV/0! | AU33: =SUMXMY2($AZ$16:$AZ$21,AU$16:AU$21) -> #DIV/0! | AV33: =SUMXMY2($AZ$16:$AZ$21,AV$16:AV$21) -> #DIV/0! | AW33: =SUMXMY2($AZ$16:$AZ$21,AW$16:AW$21) -> #DIV/0! | AX33: =SUMXMY2($AZ$16:$AZ$21,AX$16:AX$21) -> #DIV/0! | AY33: =SUMXMY2($AZ$16:$AZ$21,AY$16:AY$21) -> #DIV/0! | AZ33: =SUMXMY2($AZ$16:$AZ$21,AZ$16:AZ$21) -> #DIV/0! | BA33: =SUMXMY2($AZ$16:$AZ$21,BA$16:BA$21) -> #DIV/0! | ... BC33: =SUMXMY2($AZ$16:$AZ$21,BC$16:BC$21) -> #DIV/0!
A34: =IF(ISBLANK(CT!A49),"",CT!A49) | U34: =IF($A34="","",SUM(B34:T34)) | V34: =IF($A34="","",SUMIF($B$4:$T$4,">0",$B34:$T34)) | W34: =IF($A34="","",SUMIF($B$5:$T$5,">0",$B34:$T34)) | X34: =IF($A34="","",SUMIF($B$6:$T$6,">0",$B34:$T34)) | Y34: =IF($A34="","",SUMIF($B$7:$T$7,">0",$B34:$T34)) | Z34: =IF($A34="","",SUMIF($B$8:$T$8,">0",$B34:$T34)) | AA34: =IF($A34="","",SUMIF($B$9:$T$9,">0",$B34:$T34)) | AC34: =IF($A34="","",SUM(B34:E34)) | AD34: =IF($A34="","",SUM(G34:J34)) | AE34: =IF($A34="","",SUM(L34:O34)) | AF34: =IF($A34="","",SUM(Q34:T34)) | AG34: =COUNTIF(AC34:AF34,0) -> 0 | AH34: =IF(SUM(AC34:AF34)=0,"None",CONCATENATE(IF(AC34>0,AC$16&",",""),IF(AD34>0,AD$16&",",""),IF(AE34>0,AE$16&",",""),IF(AF34>0,AF$16,""))) -> None | AI34: =IF(AH34<>"",IF(RIGHT(AH34,1)=",",LEFT(AH34,LEN(AH34)-1),AH34),"None") -> None | AJ34: =IF($A34="","",HLOOKUP($AI34,$AD$3:$AR$9,AD$11,FALSE)) | AK34: =IF($A34="","",HLOOKUP($AI34,$AD$3:$AR$9,AE$11,FALSE)) | AL34: =IF($A34="","",HLOOKUP($AI34,$AD$3:$AR$9,AF$11,FALSE)) | AM34: =IF($A34="","",HLOOKUP($AI34,$AD$3:$AR$9,AG$11,FALSE)) | AN34: =IF($A34="","",HLOOKUP($AI34,$AD$3:$AR$9,AH$11,FALSE)) | AO34: =IF($A34="","",HLOOKUP($AI34,$AD$3:$AR$9,AI$11,FALSE)) | AP34: =SUM(AJ34:AO34) -> 0 | AR34: =BA15 -> 2 | AT34: =SUMXMY2($BA$16:$BA$21,AT$16:AT$21) -> #DIV/0! | AU34: =SUMXMY2($BA$16:$BA$21,AU$16:AU$21) -> #DIV/0! | AV34: =SUMXMY2($BA$16:$BA$21,AV$16:AV$21) -> #DIV/0! | AW34: =SUMXMY2($BA$16:$BA$21,AW$16:AW$21) -> #DIV/0! | AX34: =SUMXMY2($BA$16:$BA$21,AX$16:AX$21) -> #DIV/0! | AY34: =SUMXMY2($BA$16:$BA$21,AY$16:AY$21) -> #DIV/0! | AZ34: =SUMXMY2($BA$16:$BA$21,AZ$16:AZ$21) -> #DIV/0! | BA34: =SUMXMY2($BA$16:$BA$21,BA$16:BA$21) -> #DIV/0! | ... BC34: =SUMXMY2($BA$16:$BA$21,BC$16:BC$21) -> #DIV/0!
A35: =IF(ISBLANK(CT!A50),"",CT!A50) | U35: =IF($A35="","",SUM(B35:T35)) | V35: =IF($A35="","",SUMIF($B$4:$T$4,">0",$B35:$T35)) | W35: =IF($A35="","",SUMIF($B$5:$T$5,">0",$B35:$T35)) | X35: =IF($A35="","",SUMIF($B$6:$T$6,">0",$B35:$T35)) | Y35: =IF($A35="","",SUMIF($B$7:$T$7,">0",$B35:$T35)) | Z35: =IF($A35="","",SUMIF($B$8:$T$8,">0",$B35:$T35)) | AA35: =IF($A35="","",SUMIF($B$9:$T$9,">0",$B35:$T35)) | AC35: =IF($A35="","",SUM(B35:E35)) | AD35: =IF($A35="","",SUM(G35:J35)) | AE35: =IF($A35="","",SUM(L35:O35)) | AF35: =IF($A35="","",SUM(Q35:T35)) | AG35: =COUNTIF(AC35:AF35,0) -> 0 | AH35: =IF(SUM(AC35:AF35)=0,"None",CONCATENATE(IF(AC35>0,AC$16&",",""),IF(AD35>0,AD$16&",",""),IF(AE35>0,AE$16&",",""),IF(AF35>0,AF$16,""))) -> None | AI35: =IF(AH35<>"",IF(RIGHT(AH35,1)=",",LEFT(AH35,LEN(AH35)-1),AH35),"None") -> None | AJ35: =IF($A35="","",HLOOKUP($AI35,$AD$3:$AR$9,AD$11,FALSE)) | AK35: =IF($A35="","",HLOOKUP($AI35,$AD$3:$AR$9,AE$11,FALSE)) | AL35: =IF($A35="","",HLOOKUP($AI35,$AD$3:$AR$9,AF$11,FALSE)) | AM35: =IF($A35="","",HLOOKUP($AI35,$AD$3:$AR$9,AG$11,FALSE)) | AN35: =IF($A35="","",HLOOKUP($AI35,$AD$3:$AR$9,AH$11,FALSE)) | AO35: =IF($A35="","",HLOOKUP($AI35,$AD$3:$AR$9,AI$11,FALSE)) | AP35: =SUM(AJ35:AO35) -> 0 | AR35: =BB15 -> 3 | AT35: =SUMXMY2($BB$16:$BB$21,AT$16:AT$21) -> #DIV/0! | AU35: =SUMXMY2($BB$16:$BB$21,AU$16:AU$21) -> #DIV/0! | AV35: =SUMXMY2($BB$16:$BB$21,AV$16:AV$21) -> #DIV/0! | AW35: =SUMXMY2($BB$16:$BB$21,AW$16:AW$21) -> #DIV/0! | AX35: =SUMXMY2($BB$16:$BB$21,AX$16:AX$21) -> #DIV/0! | AY35: =SUMXMY2($BB$16:$BB$21,AY$16:AY$21) -> #DIV/0! | AZ35: =SUMXMY2($BB$16:$BB$21,AZ$16:AZ$21) -> #DIV/0! | BA35: =SUMXMY2($BB$16:$BB$21,BA$16:BA$21) -> #DIV/0! | ... BC35: =SUMXMY2($BB$16:$BB$21,BC$16:BC$21) -> #DIV/0!
A36: =IF(ISBLANK(CT!A51),"",CT!A51) | U36: =IF($A36="","",SUM(B36:T36)) | V36: =IF($A36="","",SUMIF($B$4:$T$4,">0",$B36:$T36)) | W36: =IF($A36="","",SUMIF($B$5:$T$5,">0",$B36:$T36)) | X36: =IF($A36="","",SUMIF($B$6:$T$6,">0",$B36:$T36)) | Y36: =IF($A36="","",SUMIF($B$7:$T$7,">0",$B36:$T36)) | Z36: =IF($A36="","",SUMIF($B$8:$T$8,">0",$B36:$T36)) | AA36: =IF($A36="","",SUMIF($B$9:$T$9,">0",$B36:$T36)) | AC36: =IF($A36="","",SUM(B36:E36)) | AD36: =IF($A36="","",SUM(G36:J36)) | AE36: =IF($A36="","",SUM(L36:O36)) | AF36: =IF($A36="","",SUM(Q36:T36)) | AG36: =COUNTIF(AC36:AF36,0) -> 0 | AH36: =IF(SUM(AC36:AF36)=0,"None",CONCATENATE(IF(AC36>0,AC$16&",",""),IF(AD36>0,AD$16&",",""),IF(AE36>0,AE$16&",",""),IF(AF36>0,AF$16,""))) -> None | AI36: =IF(AH36<>"",IF(RIGHT(AH36,1)=",",LEFT(AH36,LEN(AH36)-1),AH36),"None") -> None | AJ36: =IF($A36="","",HLOOKUP($AI36,$AD$3:$AR$9,AD$11,FALSE)) | AK36: =IF($A36="","",HLOOKUP($AI36,$AD$3:$AR$9,AE$11,FALSE)) | AL36: =IF($A36="","",HLOOKUP($AI36,$AD$3:$AR$9,AF$11,FALSE)) | AM36: =IF($A36="","",HLOOKUP($AI36,$AD$3:$AR$9,AG$11,FALSE)) | AN36: =IF($A36="","",HLOOKUP($AI36,$AD$3:$AR$9,AH$11,FALSE)) | AO36: =IF($A36="","",HLOOKUP($AI36,$AD$3:$AR$9,AI$11,FALSE)) | AP36: =SUM(AJ36:AO36) -> 0 | AR36: =BC15 -> 4 | AT36: =SUMXMY2($BC$16:$BC$21,AT$16:AT$21) -> #DIV/0! | AU36: =SUMXMY2($BC$16:$BC$21,AU$16:AU$21) -> #DIV/0! | AV36: =SUMXMY2($BC$16:$BC$21,AV$16:AV$21) -> #DIV/0! | AW36: =SUMXMY2($BC$16:$BC$21,AW$16:AW$21) -> #DIV/0! | AX36: =SUMXMY2($BC$16:$BC$21,AX$16:AX$21) -> #DIV/0! | AY36: =SUMXMY2($BC$16:$BC$21,AY$16:AY$21) -> #DIV/0! | AZ36: =SUMXMY2($BC$16:$BC$21,AZ$16:AZ$21) -> #DIV/0! | BA36: =SUMXMY2($BC$16:$BC$21,BA$16:BA$21) -> #DIV/0! | ... BC36: =SUMXMY2($BC$16:$BC$21,BC$16:BC$21) -> #DIV/0!
A37: =IF(ISBLANK(CT!A52),"",CT!A52) | U37: =IF($A37="","",SUM(B37:T37)) | V37: =IF($A37="","",SUMIF($B$4:$T$4,">0",$B37:$T37)) | W37: =IF($A37="","",SUMIF($B$5:$T$5,">0",$B37:$T37)) | X37: =IF($A37="","",SUMIF($B$6:$T$6,">0",$B37:$T37)) | Y37: =IF($A37="","",SUMIF($B$7:$T$7,">0",$B37:$T37)) | Z37: =IF($A37="","",SUMIF($B$8:$T$8,">0",$B37:$T37)) | AA37: =IF($A37="","",SUMIF($B$9:$T$9,">0",$B37:$T37)) | AC37: =IF($A37="","",SUM(B37:E37)) | AD37: =IF($A37="","",SUM(G37:J37)) | AE37: =IF($A37="","",SUM(L37:O37)) | AF37: =IF($A37="","",SUM(Q37:T37)) | AG37: =COUNTIF(AC37:AF37,0) -> 0 | AH37: =IF(SUM(AC37:AF37)=0,"None",CONCATENATE(IF(AC37>0,AC$16&",",""),IF(AD37>0,AD$16&",",""),IF(AE37>0,AE$16&",",""),IF(AF37>0,AF$16,""))) -> None | AI37: =IF(AH37<>"",IF(RIGHT(AH37,1)=",",LEFT(AH37,LEN(AH37)-1),AH37),"None") -> None | AJ37: =IF($A37="","",HLOOKUP($AI37,$AD$3:$AR$9,AD$11,FALSE)) | AK37: =IF($A37="","",HLOOKUP($AI37,$AD$3:$AR$9,AE$11,FALSE)) | AL37: =IF($A37="","",HLOOKUP($AI37,$AD$3:$AR$9,AF$11,FALSE)) | AM37: =IF($A37="","",HLOOKUP($AI37,$AD$3:$AR$9,AG$11,FALSE)) | AN37: =IF($A37="","",HLOOKUP($AI37,$AD$3:$AR$9,AH$11,FALSE)) | AO37: =IF($A37="","",HLOOKUP($AI37,$AD$3:$AR$9,AI$11,FALSE)) | AP37: =SUM(AJ37:AO37) -> 0
A38: =IF(ISBLANK(CT!A53),"",CT!A53) | U38: =IF($A38="","",SUM(B38:T38)) | V38: =IF($A38="","",SUMIF($B$4:$T$4,">0",$B38:$T38)) | W38: =IF($A38="","",SUMIF($B$5:$T$5,">0",$B38:$T38)) | X38: =IF($A38="","",SUMIF($B$6:$T$6,">0",$B38:$T38)) | Y38: =IF($A38="","",SUMIF($B$7:$T$7,">0",$B38:$T38)) | Z38: =IF($A38="","",SUMIF($B$8:$T$8,">0",$B38:$T38)) | AA38: =IF($A38="","",SUMIF($B$9:$T$9,">0",$B38:$T38)) | AC38: =IF($A38="","",SUM(B38:E38)) | AD38: =IF($A38="","",SUM(G38:J38)) | AE38: =IF($A38="","",SUM(L38:O38)) | AF38: =IF($A38="","",SUM(Q38:T38)) | AG38: =COUNTIF(AC38:AF38,0) -> 0 | AH38: =IF(SUM(AC38:AF38)=0,"None",CONCATENATE(IF(AC38>0,AC$16&",",""),IF(AD38>0,AD$16&",",""),IF(AE38>0,AE$16&",",""),IF(AF38>0,AF$16,""))) -> None | AI38: =IF(AH38<>"",IF(RIGHT(AH38,1)=",",LEFT(AH38,LEN(AH38)-1),AH38),"None") -> None | AJ38: =IF($A38="","",HLOOKUP($AI38,$AD$3:$AR$9,AD$11,FALSE)) | AK38: =IF($A38="","",HLOOKUP($AI38,$AD$3:$AR$9,AE$11,FALSE)) | AL38: =IF($A38="","",HLOOKUP($AI38,$AD$3:$AR$9,AF$11,FALSE)) | AM38: =IF($A38="","",HLOOKUP($AI38,$AD$3:$AR$9,AG$11,FALSE)) | AN38: =IF($A38="","",HLOOKUP($AI38,$AD$3:$AR$9,AH$11,FALSE)) | AO38: =IF($A38="","",HLOOKUP($AI38,$AD$3:$AR$9,AI$11,FALSE)) | AP38: =SUM(AJ38:AO38) -> 0 | AT38: =LEN(AT39) -> 3 | AU38: =LEN(AU39) -> 3 | AV38: =LEN(AV39) -> 3 | AW38: =LEN(AW39) -> 3 | AX38: =LEN(AX39) -> 3 | AY38: =LEN(AY39) -> 3 | AZ38: =LEN(AZ39) -> 1 | BA38: =LEN(BA39) -> 1 | ... BC38: =LEN(BC39) -> 1
A39: =IF(ISBLANK(CT!A54),"",CT!A54) | U39: =IF($A39="","",SUM(B39:T39)) | V39: =IF($A39="","",SUMIF($B$4:$T$4,">0",$B39:$T39)) | W39: =IF($A39="","",SUMIF($B$5:$T$5,">0",$B39:$T39)) | X39: =IF($A39="","",SUMIF($B$6:$T$6,">0",$B39:$T39)) | Y39: =IF($A39="","",SUMIF($B$7:$T$7,">0",$B39:$T39)) | Z39: =IF($A39="","",SUMIF($B$8:$T$8,">0",$B39:$T39)) | AA39: =IF($A39="","",SUMIF($B$9:$T$9,">0",$B39:$T39)) | AC39: =IF($A39="","",SUM(B39:E39)) | AD39: =IF($A39="","",SUM(G39:J39)) | AE39: =IF($A39="","",SUM(L39:O39)) | AF39: =IF($A39="","",SUM(Q39:T39)) | AG39: =COUNTIF(AC39:AF39,0) -> 0 | AH39: =IF(SUM(AC39:AF39)=0,"None",CONCATENATE(IF(AC39>0,AC$16&",",""),IF(AD39>0,AD$16&",",""),IF(AE39>0,AE$16&",",""),IF(AF39>0,AF$16,""))) -> None | AI39: =IF(AH39<>"",IF(RIGHT(AH39,1)=",",LEFT(AH39,LEN(AH39)-1),AH39),"None") -> None | AJ39: =IF($A39="","",HLOOKUP($AI39,$AD$3:$AR$9,AD$11,FALSE)) | AK39: =IF($A39="","",HLOOKUP($AI39,$AD$3:$AR$9,AE$11,FALSE)) | AL39: =IF($A39="","",HLOOKUP($AI39,$AD$3:$AR$9,AF$11,FALSE)) | AM39: =IF($A39="","",HLOOKUP($AI39,$AD$3:$AR$9,AG$11,FALSE)) | AN39: =IF($A39="","",HLOOKUP($AI39,$AD$3:$AR$9,AH$11,FALSE)) | AO39: =IF($A39="","",HLOOKUP($AI39,$AD$3:$AR$9,AI$11,FALSE)) | AP39: =SUM(AJ39:AO39) -> 0 | AT39: =AT$3 -> 1,2 | AU39: =AU$3 -> 1,3 | AV39: =AV$3 -> 1,4 | AW39: =AW$3 -> 2,3 | AX39: =AX$3 -> 2,4 | AY39: =AY$3 -> 3,4 | AZ39: =AZ$3 -> 1 | BA39: =BA$3 -> 2 | ... BC39: =BC$3 -> 4
A40: =IF(ISBLANK(CT!A55),"",CT!A55) | U40: =IF($A40="","",SUM(B40:T40)) | V40: =IF($A40="","",SUMIF($B$4:$T$4,">0",$B40:$T40)) | W40: =IF($A40="","",SUMIF($B$5:$T$5,">0",$B40:$T40)) | X40: =IF($A40="","",SUMIF($B$6:$T$6,">0",$B40:$T40)) | Y40: =IF($A40="","",SUMIF($B$7:$T$7,">0",$B40:$T40)) | Z40: =IF($A40="","",SUMIF($B$8:$T$8,">0",$B40:$T40)) | AA40: =IF($A40="","",SUMIF($B$9:$T$9,">0",$B40:$T40)) | AC40: =IF($A40="","",SUM(B40:E40)) | AD40: =IF($A40="","",SUM(G40:J40)) | AE40: =IF($A40="","",SUM(L40:O40)) | AF40: =IF($A40="","",SUM(Q40:T40)) | AG40: =COUNTIF(AC40:AF40,0) -> 0 | AH40: =IF(SUM(AC40:AF40)=0,"None",CONCATENATE(IF(AC40>0,AC$16&",",""),IF(AD40>0,AD$16&",",""),IF(AE40>0,AE$16&",",""),IF(AF40>0,AF$16,""))) -> None | AI40: =IF(AH40<>"",IF(RIGHT(AH40,1)=",",LEFT(AH40,LEN(AH40)-1),AH40),"None") -> None | AJ40: =IF($A40="","",HLOOKUP($AI40,$AD$3:$AR$9,AD$11,FALSE)) | AK40: =IF($A40="","",HLOOKUP($AI40,$AD$3:$AR$9,AE$11,FALSE)) | AL40: =IF($A40="","",HLOOKUP($AI40,$AD$3:$AR$9,AF$11,FALSE)) | AM40: =IF($A40="","",HLOOKUP($AI40,$AD$3:$AR$9,AG$11,FALSE)) | AN40: =IF($A40="","",HLOOKUP($AI40,$AD$3:$AR$9,AH$11,FALSE)) | AO40: =IF($A40="","",HLOOKUP($AI40,$AD$3:$AR$9,AI$11,FALSE)) | AP40: =SUM(AJ40:AO40) -> 0 | AQ40: =LEN(AR40) -> 3 | AR40: =$AR27 -> 1,2 | AT40: =IF($AQ40+AT$38=4,1,0) -> 0 | AU40: =IF($AQ40+AU$38=4,1,0) -> 0 | AV40: =IF($AQ40+AV$38=4,1,0) -> 0 | AW40: =IF($AQ40+AW$38=4,1,0) -> 0 | AX40: =IF($AQ40+AX$38=4,1,0) -> 0 | AY40: =IF($AQ40+AY$38=4,1,0) -> 0 | AZ40: =IF($AQ40+AZ$38=4,1,0) -> 1 | BA40: =IF($AQ40+BA$38=4,1,0) -> 1 | ... BC40: =IF($AQ40+BC$38=4,1,0) -> 1
A41: =IF(ISBLANK(CT!A56),"",CT!A56) | U41: =IF($A41="","",SUM(B41:T41)) | V41: =IF($A41="","",SUMIF($B$4:$T$4,">0",$B41:$T41)) | W41: =IF($A41="","",SUMIF($B$5:$T$5,">0",$B41:$T41)) | X41: =IF($A41="","",SUMIF($B$6:$T$6,">0",$B41:$T41)) | Y41: =IF($A41="","",SUMIF($B$7:$T$7,">0",$B41:$T41)) | Z41: =IF($A41="","",SUMIF($B$8:$T$8,">0",$B41:$T41)) | AA41: =IF($A41="","",SUMIF($B$9:$T$9,">0",$B41:$T41)) | AC41: =IF($A41="","",SUM(B41:E41)) | AD41: =IF($A41="","",SUM(G41:J41)) | AE41: =IF($A41="","",SUM(L41:O41)) | AF41: =IF($A41="","",SUM(Q41:T41)) | AG41: =COUNTIF(AC41:AF41,0) -> 0 | AH41: =IF(SUM(AC41:AF41)=0,"None",CONCATENATE(IF(AC41>0,AC$16&",",""),IF(AD41>0,AD$16&",",""),IF(AE41>0,AE$16&",",""),IF(AF41>0,AF$16,""))) -> None | AI41: =IF(AH41<>"",IF(RIGHT(AH41,1)=",",LEFT(AH41,LEN(AH41)-1),AH41),"None") -> None | AJ41: =IF($A41="","",HLOOKUP($AI41,$AD$3:$AR$9,AD$11,FALSE)) | AK41: =IF($A41="","",HLOOKUP($AI41,$AD$3:$AR$9,AE$11,FALSE)) | AL41: =IF($A41="","",HLOOKUP($AI41,$AD$3:$AR$9,AF$11,FALSE)) | AM41: =IF($A41="","",HLOOKUP($AI41,$AD$3:$AR$9,AG$11,FALSE)) | AN41: =IF($A41="","",HLOOKUP($AI41,$AD$3:$AR$9,AH$11,FALSE)) | AO41: =IF($A41="","",HLOOKUP($AI41,$AD$3:$AR$9,AI$11,FALSE)) | AP41: =SUM(AJ41:AO41) -> 0 | AQ41: =LEN(AR41) -> 3 | AR41: =$AR28 -> 1,3 | AT41: =IF($AQ41+AT$38=4,1,0) -> 0 | AU41: =IF($AQ41+AU$38=4,1,0) -> 0 | AV41: =IF($AQ41+AV$38=4,1,0) -> 0 | AW41: =IF($AQ41+AW$38=4,1,0) -> 0 | AX41: =IF($AQ41+AX$38=4,1,0) -> 0 | AY41: =IF($AQ41+AY$38=4,1,0) -> 0 | AZ41: =IF($AQ41+AZ$38=4,1,0) -> 1 | BA41: =IF($AQ41+BA$38=4,1,0) -> 1 | ... BC41: =IF($AQ41+BC$38=4,1,0) -> 1
A42: =IF(ISBLANK(CT!A57),"",CT!A57) | U42: =IF($A42="","",SUM(B42:T42)) | V42: =IF($A42="","",SUMIF($B$4:$T$4,">0",$B42:$T42)) | W42: =IF($A42="","",SUMIF($B$5:$T$5,">0",$B42:$T42)) | X42: =IF($A42="","",SUMIF($B$6:$T$6,">0",$B42:$T42)) | Y42: =IF($A42="","",SUMIF($B$7:$T$7,">0",$B42:$T42)) | Z42: =IF($A42="","",SUMIF($B$8:$T$8,">0",$B42:$T42)) | AA42: =IF($A42="","",SUMIF($B$9:$T$9,">0",$B42:$T42)) | AC42: =IF($A42="","",SUM(B42:E42)) | AD42: =IF($A42="","",SUM(G42:J42)) | AE42: =IF($A42="","",SUM(L42:O42)) | AF42: =IF($A42="","",SUM(Q42:T42)) | AG42: =COUNTIF(AC42:AF42,0) -> 0 | AH42: =IF(SUM(AC42:AF42)=0,"None",CONCATENATE(IF(AC42>0,AC$16&",",""),IF(AD42>0,AD$16&",",""),IF(AE42>0,AE$16&",",""),IF(AF42>0,AF$16,""))) -> None | AI42: =IF(AH42<>"",IF(RIGHT(AH42,1)=",",LEFT(AH42,LEN(AH42)-1),AH42),"None") -> None | AJ42: =IF($A42="","",HLOOKUP($AI42,$AD$3:$AR$9,AD$11,FALSE)) | AK42: =IF($A42="","",HLOOKUP($AI42,$AD$3:$AR$9,AE$11,FALSE)) | AL42: =IF($A42="","",HLOOKUP($AI42,$AD$3:$AR$9,AF$11,FALSE)) | AM42: =IF($A42="","",HLOOKUP($AI42,$AD$3:$AR$9,AG$11,FALSE)) | AN42: =IF($A42="","",HLOOKUP($AI42,$AD$3:$AR$9,AH$11,FALSE)) | AO42: =IF($A42="","",HLOOKUP($AI42,$AD$3:$AR$9,AI$11,FALSE)) | AP42: =SUM(AJ42:AO42) -> 0 | AQ42: =LEN(AR42) -> 3 | AR42: =$AR29 -> 1,4 | AT42: =IF($AQ42+AT$38=4,1,0) -> 0 | AU42: =IF($AQ42+AU$38=4,1,0) -> 0 | AV42: =IF($AQ42+AV$38=4,1,0) -> 0 | AW42: =IF($AQ42+AW$38=4,1,0) -> 0 | AX42: =IF($AQ42+AX$38=4,1,0) -> 0 | AY42: =IF($AQ42+AY$38=4,1,0) -> 0 | AZ42: =IF($AQ42+AZ$38=4,1,0) -> 1 | BA42: =IF($AQ42+BA$38=4,1,0) -> 1 | ... BC42: =IF($AQ42+BC$38=4,1,0) -> 1
A43: =IF(ISBLANK(CT!A58),"",CT!A58) | U43: =IF($A43="","",SUM(B43:T43)) | V43: =IF($A43="","",SUMIF($B$4:$T$4,">0",$B43:$T43)) | W43: =IF($A43="","",SUMIF($B$5:$T$5,">0",$B43:$T43)) | X43: =IF($A43="","",SUMIF($B$6:$T$6,">0",$B43:$T43)) | Y43: =IF($A43="","",SUMIF($B$7:$T$7,">0",$B43:$T43)) | Z43: =IF($A43="","",SUMIF($B$8:$T$8,">0",$B43:$T43)) | AA43: =IF($A43="","",SUMIF($B$9:$T$9,">0",$B43:$T43)) | AC43: =IF($A43="","",SUM(B43:E43)) | AD43: =IF($A43="","",SUM(G43:J43)) | AE43: =IF($A43="","",SUM(L43:O43)) | AF43: =IF($A43="","",SUM(Q43:T43)) | AG43: =COUNTIF(AC43:AF43,0) -> 0 | AH43: =IF(SUM(AC43:AF43)=0,"None",CONCATENATE(IF(AC43>0,AC$16&",",""),IF(AD43>0,AD$16&",",""),IF(AE43>0,AE$16&",",""),IF(AF43>0,AF$16,""))) -> None | AI43: =IF(AH43<>"",IF(RIGHT(AH43,1)=",",LEFT(AH43,LEN(AH43)-1),AH43),"None") -> None | AJ43: =IF($A43="","",HLOOKUP($AI43,$AD$3:$AR$9,AD$11,FALSE)) | AK43: =IF($A43="","",HLOOKUP($AI43,$AD$3:$AR$9,AE$11,FALSE)) | AL43: =IF($A43="","",HLOOKUP($AI43,$AD$3:$AR$9,AF$11,FALSE)) | AM43: =IF($A43="","",HLOOKUP($AI43,$AD$3:$AR$9,AG$11,FALSE)) | AN43: =IF($A43="","",HLOOKUP($AI43,$AD$3:$AR$9,AH$11,FALSE)) | AO43: =IF($A43="","",HLOOKUP($AI43,$AD$3:$AR$9,AI$11,FALSE)) | AP43: =SUM(AJ43:AO43) -> 0 | AQ43: =LEN(AR43) -> 3 | AR43: =$AR30 -> 2,3 | AT43: =IF($AQ43+AT$38=4,1,0) -> 0 | AU43: =IF($AQ43+AU$38=4,1,0) -> 0 | AV43: =IF($AQ43+AV$38=4,1,0) -> 0 | AW43: =IF($AQ43+AW$38=4,1,0) -> 0 | AX43: =IF($AQ43+AX$38=4,1,0) -> 0 | AY43: =IF($AQ43+AY$38=4,1,0) -> 0 | AZ43: =IF($AQ43+AZ$38=4,1,0) -> 1 | BA43: =IF($AQ43+BA$38=4,1,0) -> 1 | ... BC43: =IF($AQ43+BC$38=4,1,0) -> 1
A44: =IF(ISBLANK(CT!A59),"",CT!A59) | U44: =IF($A44="","",SUM(B44:T44)) | V44: =IF($A44="","",SUMIF($B$4:$T$4,">0",$B44:$T44)) | W44: =IF($A44="","",SUMIF($B$5:$T$5,">0",$B44:$T44)) | X44: =IF($A44="","",SUMIF($B$6:$T$6,">0",$B44:$T44)) | Y44: =IF($A44="","",SUMIF($B$7:$T$7,">0",$B44:$T44)) | Z44: =IF($A44="","",SUMIF($B$8:$T$8,">0",$B44:$T44)) | AA44: =IF($A44="","",SUMIF($B$9:$T$9,">0",$B44:$T44)) | AC44: =IF($A44="","",SUM(B44:E44)) | AD44: =IF($A44="","",SUM(G44:J44)) | AE44: =IF($A44="","",SUM(L44:O44)) | AF44: =IF($A44="","",SUM(Q44:T44)) | AG44: =COUNTIF(AC44:AF44,0) -> 0 | AH44: =IF(SUM(AC44:AF44)=0,"None",CONCATENATE(IF(AC44>0,AC$16&",",""),IF(AD44>0,AD$16&",",""),IF(AE44>0,AE$16&",",""),IF(AF44>0,AF$16,""))) -> None | AI44: =IF(AH44<>"",IF(RIGHT(AH44,1)=",",LEFT(AH44,LEN(AH44)-1),AH44),"None") -> None | AJ44: =IF($A44="","",HLOOKUP($AI44,$AD$3:$AR$9,AD$11,FALSE)) | AK44: =IF($A44="","",HLOOKUP($AI44,$AD$3:$AR$9,AE$11,FALSE)) | AL44: =IF($A44="","",HLOOKUP($AI44,$AD$3:$AR$9,AF$11,FALSE)) | AM44: =IF($A44="","",HLOOKUP($AI44,$AD$3:$AR$9,AG$11,FALSE)) | AN44: =IF($A44="","",HLOOKUP($AI44,$AD$3:$AR$9,AH$11,FALSE)) | AO44: =IF($A44="","",HLOOKUP($AI44,$AD$3:$AR$9,AI$11,FALSE)) | AP44: =SUM(AJ44:AO44) -> 0 | AQ44: =LEN(AR44) -> 3 | AR44: =$AR31 -> 2,4 | AT44: =IF($AQ44+AT$38=4,1,0) -> 0 | AU44: =IF($AQ44+AU$38=4,1,0) -> 0 | AV44: =IF($AQ44+AV$38=4,1,0) -> 0 | AW44: =IF($AQ44+AW$38=4,1,0) -> 0 | AX44: =IF($AQ44+AX$38=4,1,0) -> 0 | AY44: =IF($AQ44+AY$38=4,1,0) -> 0 | AZ44: =IF($AQ44+AZ$38=4,1,0) -> 1 | BA44: =IF($AQ44+BA$38=4,1,0) -> 1 | ... BC44: =IF($AQ44+BC$38=4,1,0) -> 1
A45: =IF(ISBLANK(CT!A60),"",CT!A60) | U45: =IF($A45="","",SUM(B45:T45)) | V45: =IF($A45="","",SUMIF($B$4:$T$4,">0",$B45:$T45)) | W45: =IF($A45="","",SUMIF($B$5:$T$5,">0",$B45:$T45)) | X45: =IF($A45="","",SUMIF($B$6:$T$6,">0",$B45:$T45)) | Y45: =IF($A45="","",SUMIF($B$7:$T$7,">0",$B45:$T45)) | Z45: =IF($A45="","",SUMIF($B$8:$T$8,">0",$B45:$T45)) | AA45: =IF($A45="","",SUMIF($B$9:$T$9,">0",$B45:$T45)) | AC45: =IF($A45="","",SUM(B45:E45)) | AD45: =IF($A45="","",SUM(G45:J45)) | AE45: =IF($A45="","",SUM(L45:O45)) | AF45: =IF($A45="","",SUM(Q45:T45)) | AG45: =COUNTIF(AC45:AF45,0) -> 0 | AH45: =IF(SUM(AC45:AF45)=0,"None",CONCATENATE(IF(AC45>0,AC$16&",",""),IF(AD45>0,AD$16&",",""),IF(AE45>0,AE$16&",",""),IF(AF45>0,AF$16,""))) -> None | AI45: =IF(AH45<>"",IF(RIGHT(AH45,1)=",",LEFT(AH45,LEN(AH45)-1),AH45),"None") -> None | AJ45: =IF($A45="","",HLOOKUP($AI45,$AD$3:$AR$9,AD$11,FALSE)) | AK45: =IF($A45="","",HLOOKUP($AI45,$AD$3:$AR$9,AE$11,FALSE)) | AL45: =IF($A45="","",HLOOKUP($AI45,$AD$3:$AR$9,AF$11,FALSE)) | AM45: =IF($A45="","",HLOOKUP($AI45,$AD$3:$AR$9,AG$11,FALSE)) | AN45: =IF($A45="","",HLOOKUP($AI45,$AD$3:$AR$9,AH$11,FALSE)) | AO45: =IF($A45="","",HLOOKUP($AI45,$AD$3:$AR$9,AI$11,FALSE)) | AP45: =SUM(AJ45:AO45) -> 0 | AQ45: =LEN(AR45) -> 3 | AR45: =$AR32 -> 3,4 | AT45: =IF($AQ45+AT$38=4,1,0) -> 0 | AU45: =IF($AQ45+AU$38=4,1,0) -> 0 | AV45: =IF($AQ45+AV$38=4,1,0) -> 0 | AW45: =IF($AQ45+AW$38=4,1,0) -> 0 | AX45: =IF($AQ45+AX$38=4,1,0) -> 0 | AY45: =IF($AQ45+AY$38=4,1,0) -> 0 | AZ45: =IF($AQ45+AZ$38=4,1,0) -> 1 | BA45: =IF($AQ45+BA$38=4,1,0) -> 1 | ... BC45: =IF($AQ45+BC$38=4,1,0) -> 1
A46: =IF(ISBLANK(CT!A61),"",CT!A61) | U46: =IF($A46="","",SUM(B46:T46)) | V46: =IF($A46="","",SUMIF($B$4:$T$4,">0",$B46:$T46)) | W46: =IF($A46="","",SUMIF($B$5:$T$5,">0",$B46:$T46)) | X46: =IF($A46="","",SUMIF($B$6:$T$6,">0",$B46:$T46)) | Y46: =IF($A46="","",SUMIF($B$7:$T$7,">0",$B46:$T46)) | Z46: =IF($A46="","",SUMIF($B$8:$T$8,">0",$B46:$T46)) | AA46: =IF($A46="","",SUMIF($B$9:$T$9,">0",$B46:$T46)) | AC46: =IF($A46="","",SUM(B46:E46)) | AD46: =IF($A46="","",SUM(G46:J46)) | AE46: =IF($A46="","",SUM(L46:O46)) | AF46: =IF($A46="","",SUM(Q46:T46)) | AG46: =COUNTIF(AC46:AF46,0) -> 0 | AH46: =IF(SUM(AC46:AF46)=0,"None",CONCATENATE(IF(AC46>0,AC$16&",",""),IF(AD46>0,AD$16&",",""),IF(AE46>0,AE$16&",",""),IF(AF46>0,AF$16,""))) -> None | AI46: =IF(AH46<>"",IF(RIGHT(AH46,1)=",",LEFT(AH46,LEN(AH46)-1),AH46),"None") -> None | AJ46: =IF($A46="","",HLOOKUP($AI46,$AD$3:$AR$9,AD$11,FALSE)) | AK46: =IF($A46="","",HLOOKUP($AI46,$AD$3:$AR$9,AE$11,FALSE)) | AL46: =IF($A46="","",HLOOKUP($AI46,$AD$3:$AR$9,AF$11,FALSE)) | AM46: =IF($A46="","",HLOOKUP($AI46,$AD$3:$AR$9,AG$11,FALSE)) | AN46: =IF($A46="","",HLOOKUP($AI46,$AD$3:$AR$9,AH$11,FALSE)) | AO46: =IF($A46="","",HLOOKUP($AI46,$AD$3:$AR$9,AI$11,FALSE)) | AP46: =SUM(AJ46:AO46) -> 0 | AQ46: =LEN(AR46) -> 1 | AR46: =$AR33 -> 1 | AT46: =IF($AQ46+AT$38=4,1,0) -> 1 | AU46: =IF($AQ46+AU$38=4,1,0) -> 1 | AV46: =IF($AQ46+AV$38=4,1,0) -> 1 | AW46: =IF($AQ46+AW$38=4,1,0) -> 1 | AX46: =IF($AQ46+AX$38=4,1,0) -> 1 | AY46: =IF($AQ46+AY$38=4,1,0) -> 1 | AZ46: =IF($AQ46+AZ$38=4,1,0) -> 0 | BA46: =IF($AQ46+BA$38=4,1,0) -> 0 | ... BC46: =IF($AQ46+BC$38=4,1,0) -> 0
A47: =IF(ISBLANK(CT!A62),"",CT!A62) | U47: =IF($A47="","",SUM(B47:T47)) | V47: =IF($A47="","",SUMIF($B$4:$T$4,">0",$B47:$T47)) | W47: =IF($A47="","",SUMIF($B$5:$T$5,">0",$B47:$T47)) | X47: =IF($A47="","",SUMIF($B$6:$T$6,">0",$B47:$T47)) | Y47: =IF($A47="","",SUMIF($B$7:$T$7,">0",$B47:$T47)) | Z47: =IF($A47="","",SUMIF($B$8:$T$8,">0",$B47:$T47)) | AA47: =IF($A47="","",SUMIF($B$9:$T$9,">0",$B47:$T47)) | AC47: =IF($A47="","",SUM(B47:E47)) | AD47: =IF($A47="","",SUM(G47:J47)) | AE47: =IF($A47="","",SUM(L47:O47)) | AF47: =IF($A47="","",SUM(Q47:T47)) | AG47: =COUNTIF(AC47:AF47,0) -> 0 | AH47: =IF(SUM(AC47:AF47)=0,"None",CONCATENATE(IF(AC47>0,AC$16&",",""),IF(AD47>0,AD$16&",",""),IF(AE47>0,AE$16&",",""),IF(AF47>0,AF$16,""))) -> None | AI47: =IF(AH47<>"",IF(RIGHT(AH47,1)=",",LEFT(AH47,LEN(AH47)-1),AH47),"None") -> None | AJ47: =IF($A47="","",HLOOKUP($AI47,$AD$3:$AR$9,AD$11,FALSE)) | AK47: =IF($A47="","",HLOOKUP($AI47,$AD$3:$AR$9,AE$11,FALSE)) | AL47: =IF($A47="","",HLOOKUP($AI47,$AD$3:$AR$9,AF$11,FALSE)) | AM47: =IF($A47="","",HLOOKUP($AI47,$AD$3:$AR$9,AG$11,FALSE)) | AN47: =IF($A47="","",HLOOKUP($AI47,$AD$3:$AR$9,AH$11,FALSE)) | AO47: =IF($A47="","",HLOOKUP($AI47,$AD$3:$AR$9,AI$11,FALSE)) | AP47: =SUM(AJ47:AO47) -> 0 | AQ47: =LEN(AR47) -> 1 | AR47: =$AR34 -> 2 | AT47: =IF($AQ47+AT$38=4,1,0) -> 1 | AU47: =IF($AQ47+AU$38=4,1,0) -> 1 | AV47: =IF($AQ47+AV$38=4,1,0) -> 1 | AW47: =IF($AQ47+AW$38=4,1,0) -> 1 | AX47: =IF($AQ47+AX$38=4,1,0) -> 1 | AY47: =IF($AQ47+AY$38=4,1,0) -> 1 | AZ47: =IF($AQ47+AZ$38=4,1,0) -> 0 | BA47: =IF($AQ47+BA$38=4,1,0) -> 0 | ... BC47: =IF($AQ47+BC$38=4,1,0) -> 0
A48: =IF(ISBLANK(CT!A63),"",CT!A63) | U48: =IF($A48="","",SUM(B48:T48)) | V48: =IF($A48="","",SUMIF($B$4:$T$4,">0",$B48:$T48)) | W48: =IF($A48="","",SUMIF($B$5:$T$5,">0",$B48:$T48)) | X48: =IF($A48="","",SUMIF($B$6:$T$6,">0",$B48:$T48)) | Y48: =IF($A48="","",SUMIF($B$7:$T$7,">0",$B48:$T48)) | Z48: =IF($A48="","",SUMIF($B$8:$T$8,">0",$B48:$T48)) | AA48: =IF($A48="","",SUMIF($B$9:$T$9,">0",$B48:$T48)) | AC48: =IF($A48="","",SUM(B48:E48)) | AD48: =IF($A48="","",SUM(G48:J48)) | AE48: =IF($A48="","",SUM(L48:O48)) | AF48: =IF($A48="","",SUM(Q48:T48)) | AG48: =COUNTIF(AC48:AF48,0) -> 0 | AH48: =IF(SUM(AC48:AF48)=0,"None",CONCATENATE(IF(AC48>0,AC$16&",",""),IF(AD48>0,AD$16&",",""),IF(AE48>0,AE$16&",",""),IF(AF48>0,AF$16,""))) -> None | AI48: =IF(AH48<>"",IF(RIGHT(AH48,1)=",",LEFT(AH48,LEN(AH48)-1),AH48),"None") -> None | AJ48: =IF($A48="","",HLOOKUP($AI48,$AD$3:$AR$9,AD$11,FALSE)) | AK48: =IF($A48="","",HLOOKUP($AI48,$AD$3:$AR$9,AE$11,FALSE)) | AL48: =IF($A48="","",HLOOKUP($AI48,$AD$3:$AR$9,AF$11,FALSE)) | AM48: =IF($A48="","",HLOOKUP($AI48,$AD$3:$AR$9,AG$11,FALSE)) | AN48: =IF($A48="","",HLOOKUP($AI48,$AD$3:$AR$9,AH$11,FALSE)) | AO48: =IF($A48="","",HLOOKUP($AI48,$AD$3:$AR$9,AI$11,FALSE)) | AP48: =SUM(AJ48:AO48) -> 0 | AQ48: =LEN(AR48) -> 1 | AR48: =$AR35 -> 3 | AT48: =IF($AQ48+AT$38=4,1,0) -> 1 | AU48: =IF($AQ48+AU$38=4,1,0) -> 1 | AV48: =IF($AQ48+AV$38=4,1,0) -> 1 | AW48: =IF($AQ48+AW$38=4,1,0) -> 1 | AX48: =IF($AQ48+AX$38=4,1,0) -> 1 | AY48: =IF($AQ48+AY$38=4,1,0) -> 1 | AZ48: =IF($AQ48+AZ$38=4,1,0) -> 0 | BA48: =IF($AQ48+BA$38=4,1,0) -> 0 | ... BC48: =IF($AQ48+BC$38=4,1,0) -> 0
A49: =IF(ISBLANK(CT!A64),"",CT!A64) | U49: =IF($A49="","",SUM(B49:T49)) | V49: =IF($A49="","",SUMIF($B$4:$T$4,">0",$B49:$T49)) | W49: =IF($A49="","",SUMIF($B$5:$T$5,">0",$B49:$T49)) | X49: =IF($A49="","",SUMIF($B$6:$T$6,">0",$B49:$T49)) | Y49: =IF($A49="","",SUMIF($B$7:$T$7,">0",$B49:$T49)) | Z49: =IF($A49="","",SUMIF($B$8:$T$8,">0",$B49:$T49)) | AA49: =IF($A49="","",SUMIF($B$9:$T$9,">0",$B49:$T49)) | AC49: =IF($A49="","",SUM(B49:E49)) | AD49: =IF($A49="","",SUM(G49:J49)) | AE49: =IF($A49="","",SUM(L49:O49)) | AF49: =IF($A49="","",SUM(Q49:T49)) | AG49: =COUNTIF(AC49:AF49,0) -> 0 | AH49: =IF(SUM(AC49:AF49)=0,"None",CONCATENATE(IF(AC49>0,AC$16&",",""),IF(AD49>0,AD$16&",",""),IF(AE49>0,AE$16&",",""),IF(AF49>0,AF$16,""))) -> None | AI49: =IF(AH49<>"",IF(RIGHT(AH49,1)=",",LEFT(AH49,LEN(AH49)-1),AH49),"None") -> None | AJ49: =IF($A49="","",HLOOKUP($AI49,$AD$3:$AR$9,AD$11,FALSE)) | AK49: =IF($A49="","",HLOOKUP($AI49,$AD$3:$AR$9,AE$11,FALSE)) | AL49: =IF($A49="","",HLOOKUP($AI49,$AD$3:$AR$9,AF$11,FALSE)) | AM49: =IF($A49="","",HLOOKUP($AI49,$AD$3:$AR$9,AG$11,FALSE)) | AN49: =IF($A49="","",HLOOKUP($AI49,$AD$3:$AR$9,AH$11,FALSE)) | AO49: =IF($A49="","",HLOOKUP($AI49,$AD$3:$AR$9,AI$11,FALSE)) | AP49: =SUM(AJ49:AO49) -> 0 | AQ49: =LEN(AR49) -> 1 | AR49: =$AR36 -> 4 | AT49: =IF($AQ49+AT$38=4,1,0) -> 1 | AU49: =IF($AQ49+AU$38=4,1,0) -> 1 | AV49: =IF($AQ49+AV$38=4,1,0) -> 1 | AW49: =IF($AQ49+AW$38=4,1,0) -> 1 | AX49: =IF($AQ49+AX$38=4,1,0) -> 1 | AY49: =IF($AQ49+AY$38=4,1,0) -> 1 | AZ49: =IF($AQ49+AZ$38=4,1,0) -> 0 | BA49: =IF($AQ49+BA$38=4,1,0) -> 0 | ... BC49: =IF($AQ49+BC$38=4,1,0) -> 0
A50: =IF(ISBLANK(CT!A65),"",CT!A65) | U50: =IF($A50="","",SUM(B50:T50)) | V50: =IF($A50="","",SUMIF($B$4:$T$4,">0",$B50:$T50)) | W50: =IF($A50="","",SUMIF($B$5:$T$5,">0",$B50:$T50)) | X50: =IF($A50="","",SUMIF($B$6:$T$6,">0",$B50:$T50)) | Y50: =IF($A50="","",SUMIF($B$7:$T$7,">0",$B50:$T50)) | Z50: =IF($A50="","",SUMIF($B$8:$T$8,">0",$B50:$T50)) | AA50: =IF($A50="","",SUMIF($B$9:$T$9,">0",$B50:$T50)) | AC50: =IF($A50="","",SUM(B50:E50)) | AD50: =IF($A50="","",SUM(G50:J50)) | AE50: =IF($A50="","",SUM(L50:O50)) | AF50: =IF($A50="","",SUM(Q50:T50)) | AG50: =COUNTIF(AC50:AF50,0) -> 0 | AH50: =IF(SUM(AC50:AF50)=0,"None",CONCATENATE(IF(AC50>0,AC$16&",",""),IF(AD50>0,AD$16&",",""),IF(AE50>0,AE$16&",",""),IF(AF50>0,AF$16,""))) -> None | AI50: =IF(AH50<>"",IF(RIGHT(AH50,1)=",",LEFT(AH50,LEN(AH50)-1),AH50),"None") -> None | AJ50: =IF($A50="","",HLOOKUP($AI50,$AD$3:$AR$9,AD$11,FALSE)) | AK50: =IF($A50="","",HLOOKUP($AI50,$AD$3:$AR$9,AE$11,FALSE)) | AL50: =IF($A50="","",HLOOKUP($AI50,$AD$3:$AR$9,AF$11,FALSE)) | AM50: =IF($A50="","",HLOOKUP($AI50,$AD$3:$AR$9,AG$11,FALSE)) | AN50: =IF($A50="","",HLOOKUP($AI50,$AD$3:$AR$9,AH$11,FALSE)) | AO50: =IF($A50="","",HLOOKUP($AI50,$AD$3:$AR$9,AI$11,FALSE)) | AP50: =SUM(AJ50:AO50) -> 0
A51: =IF(ISBLANK(CT!A66),"",CT!A66) | U51: =IF($A51="","",SUM(B51:T51)) | V51: =IF($A51="","",SUMIF($B$4:$T$4,">0",$B51:$T51)) | W51: =IF($A51="","",SUMIF($B$5:$T$5,">0",$B51:$T51)) | X51: =IF($A51="","",SUMIF($B$6:$T$6,">0",$B51:$T51)) | Y51: =IF($A51="","",SUMIF($B$7:$T$7,">0",$B51:$T51)) | Z51: =IF($A51="","",SUMIF($B$8:$T$8,">0",$B51:$T51)) | AA51: =IF($A51="","",SUMIF($B$9:$T$9,">0",$B51:$T51)) | AC51: =IF($A51="","",SUM(B51:E51)) | AD51: =IF($A51="","",SUM(G51:J51)) | AE51: =IF($A51="","",SUM(L51:O51)) | AF51: =IF($A51="","",SUM(Q51:T51)) | AG51: =COUNTIF(AC51:AF51,0) -> 0 | AH51: =IF(SUM(AC51:AF51)=0,"None",CONCATENATE(IF(AC51>0,AC$16&",",""),IF(AD51>0,AD$16&",",""),IF(AE51>0,AE$16&",",""),IF(AF51>0,AF$16,""))) -> None | AI51: =IF(AH51<>"",IF(RIGHT(AH51,1)=",",LEFT(AH51,LEN(AH51)-1),AH51),"None") -> None | AJ51: =IF($A51="","",HLOOKUP($AI51,$AD$3:$AR$9,AD$11,FALSE)) | AK51: =IF($A51="","",HLOOKUP($AI51,$AD$3:$AR$9,AE$11,FALSE)) | AL51: =IF($A51="","",HLOOKUP($AI51,$AD$3:$AR$9,AF$11,FALSE)) | AM51: =IF($A51="","",HLOOKUP($AI51,$AD$3:$AR$9,AG$11,FALSE)) | AN51: =IF($A51="","",HLOOKUP($AI51,$AD$3:$AR$9,AH$11,FALSE)) | AO51: =IF($A51="","",HLOOKUP($AI51,$AD$3:$AR$9,AI$11,FALSE)) | AP51: =SUM(AJ51:AO51) -> 0
A52: =IF(ISBLANK(CT!A67),"",CT!A67) | U52: =IF($A52="","",SUM(B52:T52)) | V52: =IF($A52="","",SUMIF($B$4:$T$4,">0",$B52:$T52)) | W52: =IF($A52="","",SUMIF($B$5:$T$5,">0",$B52:$T52)) | X52: =IF($A52="","",SUMIF($B$6:$T$6,">0",$B52:$T52)) | Y52: =IF($A52="","",SUMIF($B$7:$T$7,">0",$B52:$T52)) | Z52: =IF($A52="","",SUMIF($B$8:$T$8,">0",$B52:$T52)) | AA52: =IF($A52="","",SUMIF($B$9:$T$9,">0",$B52:$T52)) | AC52: =IF($A52="","",SUM(B52:E52)) | AD52: =IF($A52="","",SUM(G52:J52)) | AE52: =IF($A52="","",SUM(L52:O52)) | AF52: =IF($A52="","",SUM(Q52:T52)) | AG52: =COUNTIF(AC52:AF52,0) -> 0 | AH52: =IF(SUM(AC52:AF52)=0,"None",CONCATENATE(IF(AC52>0,AC$16&",",""),IF(AD52>0,AD$16&",",""),IF(AE52>0,AE$16&",",""),IF(AF52>0,AF$16,""))) -> None | AI52: =IF(AH52<>"",IF(RIGHT(AH52,1)=",",LEFT(AH52,LEN(AH52)-1),AH52),"None") -> None | AJ52: =IF($A52="","",HLOOKUP($AI52,$AD$3:$AR$9,AD$11,FALSE)) | AK52: =IF($A52="","",HLOOKUP($AI52,$AD$3:$AR$9,AE$11,FALSE)) | AL52: =IF($A52="","",HLOOKUP($AI52,$AD$3:$AR$9,AF$11,FALSE)) | AM52: =IF($A52="","",HLOOKUP($AI52,$AD$3:$AR$9,AG$11,FALSE)) | AN52: =IF($A52="","",HLOOKUP($AI52,$AD$3:$AR$9,AH$11,FALSE)) | AO52: =IF($A52="","",HLOOKUP($AI52,$AD$3:$AR$9,AI$11,FALSE)) | AP52: =SUM(AJ52:AO52) -> 0 | AT52: =AT$3 -> 1,2 | AU52: =AU$3 -> 1,3 | AV52: =AV$3 -> 1,4 | AW52: =AW$3 -> 2,3 | AX52: =AX$3 -> 2,4 | AY52: =AY$3 -> 3,4 | AZ52: =AZ$3 -> 1 | BA52: =BA$3 -> 2 | ... BC52: =BC$3 -> 4
A53: =IF(ISBLANK(CT!A68),"",CT!A68) | U53: =IF($A53="","",SUM(B53:T53)) | V53: =IF($A53="","",SUMIF($B$4:$T$4,">0",$B53:$T53)) | W53: =IF($A53="","",SUMIF($B$5:$T$5,">0",$B53:$T53)) | X53: =IF($A53="","",SUMIF($B$6:$T$6,">0",$B53:$T53)) | Y53: =IF($A53="","",SUMIF($B$7:$T$7,">0",$B53:$T53)) | Z53: =IF($A53="","",SUMIF($B$8:$T$8,">0",$B53:$T53)) | AA53: =IF($A53="","",SUMIF($B$9:$T$9,">0",$B53:$T53)) | AC53: =IF($A53="","",SUM(B53:E53)) | AD53: =IF($A53="","",SUM(G53:J53)) | AE53: =IF($A53="","",SUM(L53:O53)) | AF53: =IF($A53="","",SUM(Q53:T53)) | AG53: =COUNTIF(AC53:AF53,0) -> 0 | AH53: =IF(SUM(AC53:AF53)=0,"None",CONCATENATE(IF(AC53>0,AC$16&",",""),IF(AD53>0,AD$16&",",""),IF(AE53>0,AE$16&",",""),IF(AF53>0,AF$16,""))) -> None | AI53: =IF(AH53<>"",IF(RIGHT(AH53,1)=",",LEFT(AH53,LEN(AH53)-1),AH53),"None") -> None | AJ53: =IF($A53="","",HLOOKUP($AI53,$AD$3:$AR$9,AD$11,FALSE)) | AK53: =IF($A53="","",HLOOKUP($AI53,$AD$3:$AR$9,AE$11,FALSE)) | AL53: =IF($A53="","",HLOOKUP($AI53,$AD$3:$AR$9,AF$11,FALSE)) | AM53: =IF($A53="","",HLOOKUP($AI53,$AD$3:$AR$9,AG$11,FALSE)) | AN53: =IF($A53="","",HLOOKUP($AI53,$AD$3:$AR$9,AH$11,FALSE)) | AO53: =IF($A53="","",HLOOKUP($AI53,$AD$3:$AR$9,AI$11,FALSE)) | AP53: =SUM(AJ53:AO53) -> 0 | AR53: =$AR40 -> 1,2 | AT53: =IF(AT40,IF(AT$38>$AQ40,$AR40,AT$39),0) -> 0 | AU53: =IF(AU40,IF(AU$38>$AQ40,$AR40,AU$39),0) -> 0 | AV53: =IF(AV40,IF(AV$38>$AQ40,$AR40,AV$39),0) -> 0 | AW53: =IF(AW40,IF(AW$38>$AQ40,$AR40,AW$39),0) -> 0 | AX53: =IF(AX40,IF(AX$38>$AQ40,$AR40,AX$39),0) -> 0 | AY53: =IF(AY40,IF(AY$38>$AQ40,$AR40,AY$39),0) -> 0 | AZ53: =IF(AZ40,IF(AZ$38>$AQ40,$AR40,AZ$39),0) -> 1 | BA53: =IF(BA40,IF(BA$38>$AQ40,$AR40,BA$39),0) -> 2 | ... BC53: =IF(BC40,IF(BC$38>$AQ40,$AR40,BC$39),0) -> 4
A54: =IF(ISBLANK(CT!A69),"",CT!A69) | U54: =IF($A54="","",SUM(B54:T54)) | V54: =IF($A54="","",SUMIF($B$4:$T$4,">0",$B54:$T54)) | W54: =IF($A54="","",SUMIF($B$5:$T$5,">0",$B54:$T54)) | X54: =IF($A54="","",SUMIF($B$6:$T$6,">0",$B54:$T54)) | Y54: =IF($A54="","",SUMIF($B$7:$T$7,">0",$B54:$T54)) | Z54: =IF($A54="","",SUMIF($B$8:$T$8,">0",$B54:$T54)) | AA54: =IF($A54="","",SUMIF($B$9:$T$9,">0",$B54:$T54)) | AC54: =IF($A54="","",SUM(B54:E54)) | AD54: =IF($A54="","",SUM(G54:J54)) | AE54: =IF($A54="","",SUM(L54:O54)) | AF54: =IF($A54="","",SUM(Q54:T54)) | AG54: =COUNTIF(AC54:AF54,0) -> 0 | AH54: =IF(SUM(AC54:AF54)=0,"None",CONCATENATE(IF(AC54>0,AC$16&",",""),IF(AD54>0,AD$16&",",""),IF(AE54>0,AE$16&",",""),IF(AF54>0,AF$16,""))) -> None | AI54: =IF(AH54<>"",IF(RIGHT(AH54,1)=",",LEFT(AH54,LEN(AH54)-1),AH54),"None") -> None | AJ54: =IF($A54="","",HLOOKUP($AI54,$AD$3:$AR$9,AD$11,FALSE)) | AK54: =IF($A54="","",HLOOKUP($AI54,$AD$3:$AR$9,AE$11,FALSE)) | AL54: =IF($A54="","",HLOOKUP($AI54,$AD$3:$AR$9,AF$11,FALSE)) | AM54: =IF($A54="","",HLOOKUP($AI54,$AD$3:$AR$9,AG$11,FALSE)) | AN54: =IF($A54="","",HLOOKUP($AI54,$AD$3:$AR$9,AH$11,FALSE)) | AO54: =IF($A54="","",HLOOKUP($AI54,$AD$3:$AR$9,AI$11,FALSE)) | AP54: =SUM(AJ54:AO54) -> 0 | AR54: =$AR41 -> 1,3 | AT54: =IF(AT41,IF(AT$38>$AQ41,$AR41,AT$39),0) -> 0 | AU54: =IF(AU41,IF(AU$38>$AQ41,$AR41,AU$39),0) -> 0 | AV54: =IF(AV41,IF(AV$38>$AQ41,$AR41,AV$39),0) -> 0 | AW54: =IF(AW41,IF(AW$38>$AQ41,$AR41,AW$39),0) -> 0 | AX54: =IF(AX41,IF(AX$38>$AQ41,$AR41,AX$39),0) -> 0 | AY54: =IF(AY41,IF(AY$38>$AQ41,$AR41,AY$39),0) -> 0 | AZ54: =IF(AZ41,IF(AZ$38>$AQ41,$AR41,AZ$39),0) -> 1 | BA54: =IF(BA41,IF(BA$38>$AQ41,$AR41,BA$39),0) -> 2 | ... BC54: =IF(BC41,IF(BC$38>$AQ41,$AR41,BC$39),0) -> 4
A55: =IF(ISBLANK(CT!A70),"",CT!A70) | U55: =IF($A55="","",SUM(B55:T55)) | V55: =IF($A55="","",SUMIF($B$4:$T$4,">0",$B55:$T55)) | W55: =IF($A55="","",SUMIF($B$5:$T$5,">0",$B55:$T55)) | X55: =IF($A55="","",SUMIF($B$6:$T$6,">0",$B55:$T55)) | Y55: =IF($A55="","",SUMIF($B$7:$T$7,">0",$B55:$T55)) | Z55: =IF($A55="","",SUMIF($B$8:$T$8,">0",$B55:$T55)) | AA55: =IF($A55="","",SUMIF($B$9:$T$9,">0",$B55:$T55)) | AC55: =IF($A55="","",SUM(B55:E55)) | AD55: =IF($A55="","",SUM(G55:J55)) | AE55: =IF($A55="","",SUM(L55:O55)) | AF55: =IF($A55="","",SUM(Q55:T55)) | AG55: =COUNTIF(AC55:AF55,0) -> 0 | AH55: =IF(SUM(AC55:AF55)=0,"None",CONCATENATE(IF(AC55>0,AC$16&",",""),IF(AD55>0,AD$16&",",""),IF(AE55>0,AE$16&",",""),IF(AF55>0,AF$16,""))) -> None | AI55: =IF(AH55<>"",IF(RIGHT(AH55,1)=",",LEFT(AH55,LEN(AH55)-1),AH55),"None") -> None | AJ55: =IF($A55="","",HLOOKUP($AI55,$AD$3:$AR$9,AD$11,FALSE)) | AK55: =IF($A55="","",HLOOKUP($AI55,$AD$3:$AR$9,AE$11,FALSE)) | AL55: =IF($A55="","",HLOOKUP($AI55,$AD$3:$AR$9,AF$11,FALSE)) | AM55: =IF($A55="","",HLOOKUP($AI55,$AD$3:$AR$9,AG$11,FALSE)) | AN55: =IF($A55="","",HLOOKUP($AI55,$AD$3:$AR$9,AH$11,FALSE)) | AO55: =IF($A55="","",HLOOKUP($AI55,$AD$3:$AR$9,AI$11,FALSE)) | AP55: =SUM(AJ55:AO55) -> 0 | AR55: =$AR42 -> 1,4 | AT55: =IF(AT42,IF(AT$38>$AQ42,$AR42,AT$39),0) -> 0 | AU55: =IF(AU42,IF(AU$38>$AQ42,$AR42,AU$39),0) -> 0 | AV55: =IF(AV42,IF(AV$38>$AQ42,$AR42,AV$39),0) -> 0 | AW55: =IF(AW42,IF(AW$38>$AQ42,$AR42,AW$39),0) -> 0 | AX55: =IF(AX42,IF(AX$38>$AQ42,$AR42,AX$39),0) -> 0 | AY55: =IF(AY42,IF(AY$38>$AQ42,$AR42,AY$39),0) -> 0 | AZ55: =IF(AZ42,IF(AZ$38>$AQ42,$AR42,AZ$39),0) -> 1 | BA55: =IF(BA42,IF(BA$38>$AQ42,$AR42,BA$39),0) -> 2 | ... BC55: =IF(BC42,IF(BC$38>$AQ42,$AR42,BC$39),0) -> 4
A56: =IF(ISBLANK(CT!A71),"",CT!A71) | U56: =IF($A56="","",SUM(B56:T56)) | V56: =IF($A56="","",SUMIF($B$4:$T$4,">0",$B56:$T56)) | W56: =IF($A56="","",SUMIF($B$5:$T$5,">0",$B56:$T56)) | X56: =IF($A56="","",SUMIF($B$6:$T$6,">0",$B56:$T56)) | Y56: =IF($A56="","",SUMIF($B$7:$T$7,">0",$B56:$T56)) | Z56: =IF($A56="","",SUMIF($B$8:$T$8,">0",$B56:$T56)) | AA56: =IF($A56="","",SUMIF($B$9:$T$9,">0",$B56:$T56)) | AC56: =IF($A56="","",SUM(B56:E56)) | AD56: =IF($A56="","",SUM(G56:J56)) | AE56: =IF($A56="","",SUM(L56:O56)) | AF56: =IF($A56="","",SUM(Q56:T56)) | AG56: =COUNTIF(AC56:AF56,0) -> 0 | AH56: =IF(SUM(AC56:AF56)=0,"None",CONCATENATE(IF(AC56>0,AC$16&",",""),IF(AD56>0,AD$16&",",""),IF(AE56>0,AE$16&",",""),IF(AF56>0,AF$16,""))) -> None | AI56: =IF(AH56<>"",IF(RIGHT(AH56,1)=",",LEFT(AH56,LEN(AH56)-1),AH56),"None") -> None | AJ56: =IF($A56="","",HLOOKUP($AI56,$AD$3:$AR$9,AD$11,FALSE)) | AK56: =IF($A56="","",HLOOKUP($AI56,$AD$3:$AR$9,AE$11,FALSE)) | AL56: =IF($A56="","",HLOOKUP($AI56,$AD$3:$AR$9,AF$11,FALSE)) | AM56: =IF($A56="","",HLOOKUP($AI56,$AD$3:$AR$9,AG$11,FALSE)) | AN56: =IF($A56="","",HLOOKUP($AI56,$AD$3:$AR$9,AH$11,FALSE)) | AO56: =IF($A56="","",HLOOKUP($AI56,$AD$3:$AR$9,AI$11,FALSE)) | AP56: =SUM(AJ56:AO56) -> 0 | AR56: =$AR43 -> 2,3 | AT56: =IF(AT43,IF(AT$38>$AQ43,$AR43,AT$39),0) -> 0 | AU56: =IF(AU43,IF(AU$38>$AQ43,$AR43,AU$39),0) -> 0 | AV56: =IF(AV43,IF(AV$38>$AQ43,$AR43,AV$39),0) -> 0 | AW56: =IF(AW43,IF(AW$38>$AQ43,$AR43,AW$39),0) -> 0 | AX56: =IF(AX43,IF(AX$38>$AQ43,$AR43,AX$39),0) -> 0 | AY56: =IF(AY43,IF(AY$38>$AQ43,$AR43,AY$39),0) -> 0 | AZ56: =IF(AZ43,IF(AZ$38>$AQ43,$AR43,AZ$39),0) -> 1 | BA56: =IF(BA43,IF(BA$38>$AQ43,$AR43,BA$39),0) -> 2 | ... BC56: =IF(BC43,IF(BC$38>$AQ43,$AR43,BC$39),0) -> 4
A57: =IF(ISBLANK(CT!A72),"",CT!A72) | U57: =IF($A57="","",SUM(B57:T57)) | V57: =IF($A57="","",SUMIF($B$4:$T$4,">0",$B57:$T57)) | W57: =IF($A57="","",SUMIF($B$5:$T$5,">0",$B57:$T57)) | X57: =IF($A57="","",SUMIF($B$6:$T$6,">0",$B57:$T57)) | Y57: =IF($A57="","",SUMIF($B$7:$T$7,">0",$B57:$T57)) | Z57: =IF($A57="","",SUMIF($B$8:$T$8,">0",$B57:$T57)) | AA57: =IF($A57="","",SUMIF($B$9:$T$9,">0",$B57:$T57)) | AC57: =IF($A57="","",SUM(B57:E57)) | AD57: =IF($A57="","",SUM(G57:J57)) | AE57: =IF($A57="","",SUM(L57:O57)) | AF57: =IF($A57="","",SUM(Q57:T57)) | AG57: =COUNTIF(AC57:AF57,0) -> 0 | AH57: =IF(SUM(AC57:AF57)=0,"None",CONCATENATE(IF(AC57>0,AC$16&",",""),IF(AD57>0,AD$16&",",""),IF(AE57>0,AE$16&",",""),IF(AF57>0,AF$16,""))) -> None | AI57: =IF(AH57<>"",IF(RIGHT(AH57,1)=",",LEFT(AH57,LEN(AH57)-1),AH57),"None") -> None | AJ57: =IF($A57="","",HLOOKUP($AI57,$AD$3:$AR$9,AD$11,FALSE)) | AK57: =IF($A57="","",HLOOKUP($AI57,$AD$3:$AR$9,AE$11,FALSE)) | AL57: =IF($A57="","",HLOOKUP($AI57,$AD$3:$AR$9,AF$11,FALSE)) | AM57: =IF($A57="","",HLOOKUP($AI57,$AD$3:$AR$9,AG$11,FALSE)) | AN57: =IF($A57="","",HLOOKUP($AI57,$AD$3:$AR$9,AH$11,FALSE)) | AO57: =IF($A57="","",HLOOKUP($AI57,$AD$3:$AR$9,AI$11,FALSE)) | AP57: =SUM(AJ57:AO57) -> 0 | AR57: =$AR44 -> 2,4 | AT57: =IF(AT44,IF(AT$38>$AQ44,$AR44,AT$39),0) -> 0 | AU57: =IF(AU44,IF(AU$38>$AQ44,$AR44,AU$39),0) -> 0 | AV57: =IF(AV44,IF(AV$38>$AQ44,$AR44,AV$39),0) -> 0 | AW57: =IF(AW44,IF(AW$38>$AQ44,$AR44,AW$39),0) -> 0 | AX57: =IF(AX44,IF(AX$38>$AQ44,$AR44,AX$39),0) -> 0 | AY57: =IF(AY44,IF(AY$38>$AQ44,$AR44,AY$39),0) -> 0 | AZ57: =IF(AZ44,IF(AZ$38>$AQ44,$AR44,AZ$39),0) -> 1 | BA57: =IF(BA44,IF(BA$38>$AQ44,$AR44,BA$39),0) -> 2 | ... BC57: =IF(BC44,IF(BC$38>$AQ44,$AR44,BC$39),0) -> 4
A58: =IF(ISBLANK(CT!A73),"",CT!A73) | U58: =IF($A58="","",SUM(B58:T58)) | V58: =IF($A58="","",SUMIF($B$4:$T$4,">0",$B58:$T58)) | W58: =IF($A58="","",SUMIF($B$5:$T$5,">0",$B58:$T58)) | X58: =IF($A58="","",SUMIF($B$6:$T$6,">0",$B58:$T58)) | Y58: =IF($A58="","",SUMIF($B$7:$T$7,">0",$B58:$T58)) | Z58: =IF($A58="","",SUMIF($B$8:$T$8,">0",$B58:$T58)) | AA58: =IF($A58="","",SUMIF($B$9:$T$9,">0",$B58:$T58)) | AC58: =IF($A58="","",SUM(B58:E58)) | AD58: =IF($A58="","",SUM(G58:J58)) | AE58: =IF($A58="","",SUM(L58:O58)) | AF58: =IF($A58="","",SUM(Q58:T58)) | AG58: =COUNTIF(AC58:AF58,0) -> 0 | AH58: =IF(SUM(AC58:AF58)=0,"None",CONCATENATE(IF(AC58>0,AC$16&",",""),IF(AD58>0,AD$16&",",""),IF(AE58>0,AE$16&",",""),IF(AF58>0,AF$16,""))) -> None | AI58: =IF(AH58<>"",IF(RIGHT(AH58,1)=",",LEFT(AH58,LEN(AH58)-1),AH58),"None") -> None | AJ58: =IF($A58="","",HLOOKUP($AI58,$AD$3:$AR$9,AD$11,FALSE)) | AK58: =IF($A58="","",HLOOKUP($AI58,$AD$3:$AR$9,AE$11,FALSE)) | AL58: =IF($A58="","",HLOOKUP($AI58,$AD$3:$AR$9,AF$11,FALSE)) | AM58: =IF($A58="","",HLOOKUP($AI58,$AD$3:$AR$9,AG$11,FALSE)) | AN58: =IF($A58="","",HLOOKUP($AI58,$AD$3:$AR$9,AH$11,FALSE)) | AO58: =IF($A58="","",HLOOKUP($AI58,$AD$3:$AR$9,AI$11,FALSE)) | AP58: =SUM(AJ58:AO58) -> 0 | AR58: =$AR45 -> 3,4 | AT58: =IF(AT45,IF(AT$38>$AQ45,$AR45,AT$39),0) -> 0 | AU58: =IF(AU45,IF(AU$38>$AQ45,$AR45,AU$39),0) -> 0 | AV58: =IF(AV45,IF(AV$38>$AQ45,$AR45,AV$39),0) -> 0 | AW58: =IF(AW45,IF(AW$38>$AQ45,$AR45,AW$39),0) -> 0 | AX58: =IF(AX45,IF(AX$38>$AQ45,$AR45,AX$39),0) -> 0 | AY58: =IF(AY45,IF(AY$38>$AQ45,$AR45,AY$39),0) -> 0 | AZ58: =IF(AZ45,IF(AZ$38>$AQ45,$AR45,AZ$39),0) -> 1 | BA58: =IF(BA45,IF(BA$38>$AQ45,$AR45,BA$39),0) -> 2 | ... BC58: =IF(BC45,IF(BC$38>$AQ45,$AR45,BC$39),0) -> 4
A59: =IF(ISBLANK(CT!A74),"",CT!A74) | U59: =IF($A59="","",SUM(B59:T59)) | V59: =IF($A59="","",SUMIF($B$4:$T$4,">0",$B59:$T59)) | W59: =IF($A59="","",SUMIF($B$5:$T$5,">0",$B59:$T59)) | X59: =IF($A59="","",SUMIF($B$6:$T$6,">0",$B59:$T59)) | Y59: =IF($A59="","",SUMIF($B$7:$T$7,">0",$B59:$T59)) | Z59: =IF($A59="","",SUMIF($B$8:$T$8,">0",$B59:$T59)) | AA59: =IF($A59="","",SUMIF($B$9:$T$9,">0",$B59:$T59)) | AC59: =IF($A59="","",SUM(B59:E59)) | AD59: =IF($A59="","",SUM(G59:J59)) | AE59: =IF($A59="","",SUM(L59:O59)) | AF59: =IF($A59="","",SUM(Q59:T59)) | AG59: =COUNTIF(AC59:AF59,0) -> 0 | AH59: =IF(SUM(AC59:AF59)=0,"None",CONCATENATE(IF(AC59>0,AC$16&",",""),IF(AD59>0,AD$16&",",""),IF(AE59>0,AE$16&",",""),IF(AF59>0,AF$16,""))) -> None | AI59: =IF(AH59<>"",IF(RIGHT(AH59,1)=",",LEFT(AH59,LEN(AH59)-1),AH59),"None") -> None | AJ59: =IF($A59="","",HLOOKUP($AI59,$AD$3:$AR$9,AD$11,FALSE)) | AK59: =IF($A59="","",HLOOKUP($AI59,$AD$3:$AR$9,AE$11,FALSE)) | AL59: =IF($A59="","",HLOOKUP($AI59,$AD$3:$AR$9,AF$11,FALSE)) | AM59: =IF($A59="","",HLOOKUP($AI59,$AD$3:$AR$9,AG$11,FALSE)) | AN59: =IF($A59="","",HLOOKUP($AI59,$AD$3:$AR$9,AH$11,FALSE)) | AO59: =IF($A59="","",HLOOKUP($AI59,$AD$3:$AR$9,AI$11,FALSE)) | AP59: =SUM(AJ59:AO59) -> 0 | AR59: =$AR46 -> 1 | AT59: =IF(AT46,IF(AT$38>$AQ46,$AR46,AT$39),0) -> 1 | AU59: =IF(AU46,IF(AU$38>$AQ46,$AR46,AU$39),0) -> 1 | AV59: =IF(AV46,IF(AV$38>$AQ46,$AR46,AV$39),0) -> 1 | AW59: =IF(AW46,IF(AW$38>$AQ46,$AR46,AW$39),0) -> 1 | AX59: =IF(AX46,IF(AX$38>$AQ46,$AR46,AX$39),0) -> 1 | AY59: =IF(AY46,IF(AY$38>$AQ46,$AR46,AY$39),0) -> 1 | AZ59: =IF(AZ46,IF(AZ$38>$AQ46,$AR46,AZ$39),0) -> 0 | BA59: =IF(BA46,IF(BA$38>$AQ46,$AR46,BA$39),0) -> 0 | ... BC59: =IF(BC46,IF(BC$38>$AQ46,$AR46,BC$39),0) -> 0
A60: =IF(ISBLANK(CT!A75),"",CT!A75) | U60: =IF($A60="","",SUM(B60:T60)) | V60: =IF($A60="","",SUMIF($B$4:$T$4,">0",$B60:$T60)) | W60: =IF($A60="","",SUMIF($B$5:$T$5,">0",$B60:$T60)) | X60: =IF($A60="","",SUMIF($B$6:$T$6,">0",$B60:$T60)) | Y60: =IF($A60="","",SUMIF($B$7:$T$7,">0",$B60:$T60)) | Z60: =IF($A60="","",SUMIF($B$8:$T$8,">0",$B60:$T60)) | AA60: =IF($A60="","",SUMIF($B$9:$T$9,">0",$B60:$T60)) | AC60: =IF($A60="","",SUM(B60:E60)) | AD60: =IF($A60="","",SUM(G60:J60)) | AE60: =IF($A60="","",SUM(L60:O60)) | AF60: =IF($A60="","",SUM(Q60:T60)) | AG60: =COUNTIF(AC60:AF60,0) -> 0 | AH60: =IF(SUM(AC60:AF60)=0,"None",CONCATENATE(IF(AC60>0,AC$16&",",""),IF(AD60>0,AD$16&",",""),IF(AE60>0,AE$16&",",""),IF(AF60>0,AF$16,""))) -> None | AI60: =IF(AH60<>"",IF(RIGHT(AH60,1)=",",LEFT(AH60,LEN(AH60)-1),AH60),"None") -> None | AJ60: =IF($A60="","",HLOOKUP($AI60,$AD$3:$AR$9,AD$11,FALSE)) | AK60: =IF($A60="","",HLOOKUP($AI60,$AD$3:$AR$9,AE$11,FALSE)) | AL60: =IF($A60="","",HLOOKUP($AI60,$AD$3:$AR$9,AF$11,FALSE)) | AM60: =IF($A60="","",HLOOKUP($AI60,$AD$3:$AR$9,AG$11,FALSE)) | AN60: =IF($A60="","",HLOOKUP($AI60,$AD$3:$AR$9,AH$11,FALSE)) | AO60: =IF($A60="","",HLOOKUP($AI60,$AD$3:$AR$9,AI$11,FALSE)) | AP60: =SUM(AJ60:AO60) -> 0 | AR60: =$AR47 -> 2 | AT60: =IF(AT47,IF(AT$38>$AQ47,$AR47,AT$39),0) -> 2 | AU60: =IF(AU47,IF(AU$38>$AQ47,$AR47,AU$39),0) -> 2 | AV60: =IF(AV47,IF(AV$38>$AQ47,$AR47,AV$39),0) -> 2 | AW60: =IF(AW47,IF(AW$38>$AQ47,$AR47,AW$39),0) -> 2 | AX60: =IF(AX47,IF(AX$38>$AQ47,$AR47,AX$39),0) -> 2 | AY60: =IF(AY47,IF(AY$38>$AQ47,$AR47,AY$39),0) -> 2 | AZ60: =IF(AZ47,IF(AZ$38>$AQ47,$AR47,AZ$39),0) -> 0 | BA60: =IF(BA47,IF(BA$38>$AQ47,$AR47,BA$39),0) -> 0 | ... BC60: =IF(BC47,IF(BC$38>$AQ47,$AR47,BC$39),0) -> 0
A61: =IF(ISBLANK(CT!A76),"",CT!A76) | U61: =IF($A61="","",SUM(B61:T61)) | V61: =IF($A61="","",SUMIF($B$4:$T$4,">0",$B61:$T61)) | W61: =IF($A61="","",SUMIF($B$5:$T$5,">0",$B61:$T61)) | X61: =IF($A61="","",SUMIF($B$6:$T$6,">0",$B61:$T61)) | Y61: =IF($A61="","",SUMIF($B$7:$T$7,">0",$B61:$T61)) | Z61: =IF($A61="","",SUMIF($B$8:$T$8,">0",$B61:$T61)) | AA61: =IF($A61="","",SUMIF($B$9:$T$9,">0",$B61:$T61)) | AC61: =IF($A61="","",SUM(B61:E61)) | AD61: =IF($A61="","",SUM(G61:J61)) | AE61: =IF($A61="","",SUM(L61:O61)) | AF61: =IF($A61="","",SUM(Q61:T61)) | AG61: =COUNTIF(AC61:AF61,0) -> 0 | AH61: =IF(SUM(AC61:AF61)=0,"None",CONCATENATE(IF(AC61>0,AC$16&",",""),IF(AD61>0,AD$16&",",""),IF(AE61>0,AE$16&",",""),IF(AF61>0,AF$16,""))) -> None | AI61: =IF(AH61<>"",IF(RIGHT(AH61,1)=",",LEFT(AH61,LEN(AH61)-1),AH61),"None") -> None | AJ61: =IF($A61="","",HLOOKUP($AI61,$AD$3:$AR$9,AD$11,FALSE)) | AK61: =IF($A61="","",HLOOKUP($AI61,$AD$3:$AR$9,AE$11,FALSE)) | AL61: =IF($A61="","",HLOOKUP($AI61,$AD$3:$AR$9,AF$11,FALSE)) | AM61: =IF($A61="","",HLOOKUP($AI61,$AD$3:$AR$9,AG$11,FALSE)) | AN61: =IF($A61="","",HLOOKUP($AI61,$AD$3:$AR$9,AH$11,FALSE)) | AO61: =IF($A61="","",HLOOKUP($AI61,$AD$3:$AR$9,AI$11,FALSE)) | AP61: =SUM(AJ61:AO61) -> 0 | AR61: =$AR48 -> 3 | AT61: =IF(AT48,IF(AT$38>$AQ48,$AR48,AT$39),0) -> 3 | AU61: =IF(AU48,IF(AU$38>$AQ48,$AR48,AU$39),0) -> 3 | AV61: =IF(AV48,IF(AV$38>$AQ48,$AR48,AV$39),0) -> 3 | AW61: =IF(AW48,IF(AW$38>$AQ48,$AR48,AW$39),0) -> 3 | AX61: =IF(AX48,IF(AX$38>$AQ48,$AR48,AX$39),0) -> 3 | AY61: =IF(AY48,IF(AY$38>$AQ48,$AR48,AY$39),0) -> 3 | AZ61: =IF(AZ48,IF(AZ$38>$AQ48,$AR48,AZ$39),0) -> 0 | BA61: =IF(BA48,IF(BA$38>$AQ48,$AR48,BA$39),0) -> 0 | ... BC61: =IF(BC48,IF(BC$38>$AQ48,$AR48,BC$39),0) -> 0
A62: =IF(ISBLANK(CT!A77),"",CT!A77) | U62: =IF($A62="","",SUM(B62:T62)) | V62: =IF($A62="","",SUMIF($B$4:$T$4,">0",$B62:$T62)) | W62: =IF($A62="","",SUMIF($B$5:$T$5,">0",$B62:$T62)) | X62: =IF($A62="","",SUMIF($B$6:$T$6,">0",$B62:$T62)) | Y62: =IF($A62="","",SUMIF($B$7:$T$7,">0",$B62:$T62)) | Z62: =IF($A62="","",SUMIF($B$8:$T$8,">0",$B62:$T62)) | AA62: =IF($A62="","",SUMIF($B$9:$T$9,">0",$B62:$T62)) | AC62: =IF($A62="","",SUM(B62:E62)) | AD62: =IF($A62="","",SUM(G62:J62)) | AE62: =IF($A62="","",SUM(L62:O62)) | AF62: =IF($A62="","",SUM(Q62:T62)) | AG62: =COUNTIF(AC62:AF62,0) -> 0 | AH62: =IF(SUM(AC62:AF62)=0,"None",CONCATENATE(IF(AC62>0,AC$16&",",""),IF(AD62>0,AD$16&",",""),IF(AE62>0,AE$16&",",""),IF(AF62>0,AF$16,""))) -> None | AI62: =IF(AH62<>"",IF(RIGHT(AH62,1)=",",LEFT(AH62,LEN(AH62)-1),AH62),"None") -> None | AJ62: =IF($A62="","",HLOOKUP($AI62,$AD$3:$AR$9,AD$11,FALSE)) | AK62: =IF($A62="","",HLOOKUP($AI62,$AD$3:$AR$9,AE$11,FALSE)) | AL62: =IF($A62="","",HLOOKUP($AI62,$AD$3:$AR$9,AF$11,FALSE)) | AM62: =IF($A62="","",HLOOKUP($AI62,$AD$3:$AR$9,AG$11,FALSE)) | AN62: =IF($A62="","",HLOOKUP($AI62,$AD$3:$AR$9,AH$11,FALSE)) | AO62: =IF($A62="","",HLOOKUP($AI62,$AD$3:$AR$9,AI$11,FALSE)) | AP62: =SUM(AJ62:AO62) -> 0 | AR62: =$AR49 -> 4 | AT62: =IF(AT49,IF(AT$38>$AQ49,$AR49,AT$39),0) -> 4 | AU62: =IF(AU49,IF(AU$38>$AQ49,$AR49,AU$39),0) -> 4 | AV62: =IF(AV49,IF(AV$38>$AQ49,$AR49,AV$39),0) -> 4 | AW62: =IF(AW49,IF(AW$38>$AQ49,$AR49,AW$39),0) -> 4 | AX62: =IF(AX49,IF(AX$38>$AQ49,$AR49,AX$39),0) -> 4 | AY62: =IF(AY49,IF(AY$38>$AQ49,$AR49,AY$39),0) -> 4 | AZ62: =IF(AZ49,IF(AZ$38>$AQ49,$AR49,AZ$39),0) -> 0 | BA62: =IF(BA49,IF(BA$38>$AQ49,$AR49,BA$39),0) -> 0 | ... BC62: =IF(BC49,IF(BC$38>$AQ49,$AR49,BC$39),0) -> 0
A63: =IF(ISBLANK(CT!A78),"",CT!A78) | U63: =IF($A63="","",SUM(B63:T63)) | V63: =IF($A63="","",SUMIF($B$4:$T$4,">0",$B63:$T63)) | W63: =IF($A63="","",SUMIF($B$5:$T$5,">0",$B63:$T63)) | X63: =IF($A63="","",SUMIF($B$6:$T$6,">0",$B63:$T63)) | Y63: =IF($A63="","",SUMIF($B$7:$T$7,">0",$B63:$T63)) | Z63: =IF($A63="","",SUMIF($B$8:$T$8,">0",$B63:$T63)) | AA63: =IF($A63="","",SUMIF($B$9:$T$9,">0",$B63:$T63)) | AC63: =IF($A63="","",SUM(B63:E63)) | AD63: =IF($A63="","",SUM(G63:J63)) | AE63: =IF($A63="","",SUM(L63:O63)) | AF63: =IF($A63="","",SUM(Q63:T63)) | AG63: =COUNTIF(AC63:AF63,0) -> 0 | AH63: =IF(SUM(AC63:AF63)=0,"None",CONCATENATE(IF(AC63>0,AC$16&",",""),IF(AD63>0,AD$16&",",""),IF(AE63>0,AE$16&",",""),IF(AF63>0,AF$16,""))) -> None | AI63: =IF(AH63<>"",IF(RIGHT(AH63,1)=",",LEFT(AH63,LEN(AH63)-1),AH63),"None") -> None | AJ63: =IF($A63="","",HLOOKUP($AI63,$AD$3:$AR$9,AD$11,FALSE)) | AK63: =IF($A63="","",HLOOKUP($AI63,$AD$3:$AR$9,AE$11,FALSE)) | AL63: =IF($A63="","",HLOOKUP($AI63,$AD$3:$AR$9,AF$11,FALSE)) | AM63: =IF($A63="","",HLOOKUP($AI63,$AD$3:$AR$9,AG$11,FALSE)) | AN63: =IF($A63="","",HLOOKUP($AI63,$AD$3:$AR$9,AH$11,FALSE)) | AO63: =IF($A63="","",HLOOKUP($AI63,$AD$3:$AR$9,AI$11,FALSE)) | AP63: =SUM(AJ63:AO63) -> 0
A64: =IF(ISBLANK(CT!A79),"",CT!A79) | U64: =IF($A64="","",SUM(B64:T64)) | V64: =IF($A64="","",SUMIF($B$4:$T$4,">0",$B64:$T64)) | W64: =IF($A64="","",SUMIF($B$5:$T$5,">0",$B64:$T64)) | X64: =IF($A64="","",SUMIF($B$6:$T$6,">0",$B64:$T64)) | Y64: =IF($A64="","",SUMIF($B$7:$T$7,">0",$B64:$T64)) | Z64: =IF($A64="","",SUMIF($B$8:$T$8,">0",$B64:$T64)) | AA64: =IF($A64="","",SUMIF($B$9:$T$9,">0",$B64:$T64)) | AC64: =IF($A64="","",SUM(B64:E64)) | AD64: =IF($A64="","",SUM(G64:J64)) | AE64: =IF($A64="","",SUM(L64:O64)) | AF64: =IF($A64="","",SUM(Q64:T64)) | AG64: =COUNTIF(AC64:AF64,0) -> 0 | AH64: =IF(SUM(AC64:AF64)=0,"None",CONCATENATE(IF(AC64>0,AC$16&",",""),IF(AD64>0,AD$16&",",""),IF(AE64>0,AE$16&",",""),IF(AF64>0,AF$16,""))) -> None | AI64: =IF(AH64<>"",IF(RIGHT(AH64,1)=",",LEFT(AH64,LEN(AH64)-1),AH64),"None") -> None | AJ64: =IF($A64="","",HLOOKUP($AI64,$AD$3:$AR$9,AD$11,FALSE)) | AK64: =IF($A64="","",HLOOKUP($AI64,$AD$3:$AR$9,AE$11,FALSE)) | AL64: =IF($A64="","",HLOOKUP($AI64,$AD$3:$AR$9,AF$11,FALSE)) | AM64: =IF($A64="","",HLOOKUP($AI64,$AD$3:$AR$9,AG$11,FALSE)) | AN64: =IF($A64="","",HLOOKUP($AI64,$AD$3:$AR$9,AH$11,FALSE)) | AO64: =IF($A64="","",HLOOKUP($AI64,$AD$3:$AR$9,AI$11,FALSE)) | AP64: =SUM(AJ64:AO64) -> 0
A65: =IF(ISBLANK(CT!A80),"",CT!A80) | U65: =IF($A65="","",SUM(B65:T65)) | V65: =IF($A65="","",SUMIF($B$4:$T$4,">0",$B65:$T65)) | W65: =IF($A65="","",SUMIF($B$5:$T$5,">0",$B65:$T65)) | X65: =IF($A65="","",SUMIF($B$6:$T$6,">0",$B65:$T65)) | Y65: =IF($A65="","",SUMIF($B$7:$T$7,">0",$B65:$T65)) | Z65: =IF($A65="","",SUMIF($B$8:$T$8,">0",$B65:$T65)) | AA65: =IF($A65="","",SUMIF($B$9:$T$9,">0",$B65:$T65)) | AC65: =IF($A65="","",SUM(B65:E65)) | AD65: =IF($A65="","",SUM(G65:J65)) | AE65: =IF($A65="","",SUM(L65:O65)) | AF65: =IF($A65="","",SUM(Q65:T65)) | AG65: =COUNTIF(AC65:AF65,0) -> 0 | AH65: =IF(SUM(AC65:AF65)=0,"None",CONCATENATE(IF(AC65>0,AC$16&",",""),IF(AD65>0,AD$16&",",""),IF(AE65>0,AE$16&",",""),IF(AF65>0,AF$16,""))) -> None | AI65: =IF(AH65<>"",IF(RIGHT(AH65,1)=",",LEFT(AH65,LEN(AH65)-1),AH65),"None") -> None | AJ65: =IF($A65="","",HLOOKUP($AI65,$AD$3:$AR$9,AD$11,FALSE)) | AK65: =IF($A65="","",HLOOKUP($AI65,$AD$3:$AR$9,AE$11,FALSE)) | AL65: =IF($A65="","",HLOOKUP($AI65,$AD$3:$AR$9,AF$11,FALSE)) | AM65: =IF($A65="","",HLOOKUP($AI65,$AD$3:$AR$9,AG$11,FALSE)) | AN65: =IF($A65="","",HLOOKUP($AI65,$AD$3:$AR$9,AH$11,FALSE)) | AO65: =IF($A65="","",HLOOKUP($AI65,$AD$3:$AR$9,AI$11,FALSE)) | AP65: =SUM(AJ65:AO65) -> 0 | AT65: =AT$3 -> 1,2 | AU65: =AU$3 -> 1,3 | AV65: =AV$3 -> 1,4 | AW65: =AW$3 -> 2,3 | AX65: =AX$3 -> 2,4 | AY65: =AY$3 -> 3,4 | AZ65: =AZ$3 -> 1 | BA65: =BA$3 -> 2 | ... BC65: =BC$3 -> 4
A66: =IF(ISBLANK(CT!A81),"",CT!A81) | U66: =IF($A66="","",SUM(B66:T66)) | V66: =IF($A66="","",SUMIF($B$4:$T$4,">0",$B66:$T66)) | W66: =IF($A66="","",SUMIF($B$5:$T$5,">0",$B66:$T66)) | X66: =IF($A66="","",SUMIF($B$6:$T$6,">0",$B66:$T66)) | Y66: =IF($A66="","",SUMIF($B$7:$T$7,">0",$B66:$T66)) | Z66: =IF($A66="","",SUMIF($B$8:$T$8,">0",$B66:$T66)) | AA66: =IF($A66="","",SUMIF($B$9:$T$9,">0",$B66:$T66)) | AC66: =IF($A66="","",SUM(B66:E66)) | AD66: =IF($A66="","",SUM(G66:J66)) | AE66: =IF($A66="","",SUM(L66:O66)) | AF66: =IF($A66="","",SUM(Q66:T66)) | AG66: =COUNTIF(AC66:AF66,0) -> 0 | AH66: =IF(SUM(AC66:AF66)=0,"None",CONCATENATE(IF(AC66>0,AC$16&",",""),IF(AD66>0,AD$16&",",""),IF(AE66>0,AE$16&",",""),IF(AF66>0,AF$16,""))) -> None | AI66: =IF(AH66<>"",IF(RIGHT(AH66,1)=",",LEFT(AH66,LEN(AH66)-1),AH66),"None") -> None | AJ66: =IF($A66="","",HLOOKUP($AI66,$AD$3:$AR$9,AD$11,FALSE)) | AK66: =IF($A66="","",HLOOKUP($AI66,$AD$3:$AR$9,AE$11,FALSE)) | AL66: =IF($A66="","",HLOOKUP($AI66,$AD$3:$AR$9,AF$11,FALSE)) | AM66: =IF($A66="","",HLOOKUP($AI66,$AD$3:$AR$9,AG$11,FALSE)) | AN66: =IF($A66="","",HLOOKUP($AI66,$AD$3:$AR$9,AH$11,FALSE)) | AO66: =IF($A66="","",HLOOKUP($AI66,$AD$3:$AR$9,AI$11,FALSE)) | AP66: =SUM(AJ66:AO66) -> 0 | AR66: =$AR53 -> 1,2 | AT66: =IF(AT40,IF(AT$38>$AQ40,AT$39,$AR40),0) -> 0 | AU66: =IF(AU40,IF(AU$38>$AQ40,AU$39,$AR40),0) -> 0 | AV66: =IF(AV40,IF(AV$38>$AQ40,AV$39,$AR40),0) -> 0 | AW66: =IF(AW40,IF(AW$38>$AQ40,AW$39,$AR40),0) -> 0 | AX66: =IF(AX40,IF(AX$38>$AQ40,AX$39,$AR40),0) -> 0 | AY66: =IF(AY40,IF(AY$38>$AQ40,AY$39,$AR40),0) -> 0 | AZ66: =IF(AZ40,IF(AZ$38>$AQ40,AZ$39,$AR40),0) -> 1,2 | BA66: =IF(BA40,IF(BA$38>$AQ40,BA$39,$AR40),0) -> 1,2 | ... BC66: =IF(BC40,IF(BC$38>$AQ40,BC$39,$AR40),0) -> 1,2
A67: =IF(ISBLANK(CT!A82),"",CT!A82) | U67: =IF($A67="","",SUM(B67:T67)) | V67: =IF($A67="","",SUMIF($B$4:$T$4,">0",$B67:$T67)) | W67: =IF($A67="","",SUMIF($B$5:$T$5,">0",$B67:$T67)) | X67: =IF($A67="","",SUMIF($B$6:$T$6,">0",$B67:$T67)) | Y67: =IF($A67="","",SUMIF($B$7:$T$7,">0",$B67:$T67)) | Z67: =IF($A67="","",SUMIF($B$8:$T$8,">0",$B67:$T67)) | AA67: =IF($A67="","",SUMIF($B$9:$T$9,">0",$B67:$T67)) | AC67: =IF($A67="","",SUM(B67:E67)) | AD67: =IF($A67="","",SUM(G67:J67)) | AE67: =IF($A67="","",SUM(L67:O67)) | AF67: =IF($A67="","",SUM(Q67:T67)) | AG67: =COUNTIF(AC67:AF67,0) -> 0 | AH67: =IF(SUM(AC67:AF67)=0,"None",CONCATENATE(IF(AC67>0,AC$16&",",""),IF(AD67>0,AD$16&",",""),IF(AE67>0,AE$16&",",""),IF(AF67>0,AF$16,""))) -> None | AI67: =IF(AH67<>"",IF(RIGHT(AH67,1)=",",LEFT(AH67,LEN(AH67)-1),AH67),"None") -> None | AJ67: =IF($A67="","",HLOOKUP($AI67,$AD$3:$AR$9,AD$11,FALSE)) | AK67: =IF($A67="","",HLOOKUP($AI67,$AD$3:$AR$9,AE$11,FALSE)) | AL67: =IF($A67="","",HLOOKUP($AI67,$AD$3:$AR$9,AF$11,FALSE)) | AM67: =IF($A67="","",HLOOKUP($AI67,$AD$3:$AR$9,AG$11,FALSE)) | AN67: =IF($A67="","",HLOOKUP($AI67,$AD$3:$AR$9,AH$11,FALSE)) | AO67: =IF($A67="","",HLOOKUP($AI67,$AD$3:$AR$9,AI$11,FALSE)) | AP67: =SUM(AJ67:AO67) -> 0 | AR67: =$AR54 -> 1,3 | AT67: =IF(AT41,IF(AT$38>$AQ41,AT$39,$AR41),0) -> 0 | AU67: =IF(AU41,IF(AU$38>$AQ41,AU$39,$AR41),0) -> 0 | AV67: =IF(AV41,IF(AV$38>$AQ41,AV$39,$AR41),0) -> 0 | AW67: =IF(AW41,IF(AW$38>$AQ41,AW$39,$AR41),0) -> 0 | AX67: =IF(AX41,IF(AX$38>$AQ41,AX$39,$AR41),0) -> 0 | AY67: =IF(AY41,IF(AY$38>$AQ41,AY$39,$AR41),0) -> 0 | AZ67: =IF(AZ41,IF(AZ$38>$AQ41,AZ$39,$AR41),0) -> 1,3 | BA67: =IF(BA41,IF(BA$38>$AQ41,BA$39,$AR41),0) -> 1,3 | ... BC67: =IF(BC41,IF(BC$38>$AQ41,BC$39,$AR41),0) -> 1,3
A68: =IF(ISBLANK(CT!A83),"",CT!A83) | U68: =IF($A68="","",SUM(B68:T68)) | V68: =IF($A68="","",SUMIF($B$4:$T$4,">0",$B68:$T68)) | W68: =IF($A68="","",SUMIF($B$5:$T$5,">0",$B68:$T68)) | X68: =IF($A68="","",SUMIF($B$6:$T$6,">0",$B68:$T68)) | Y68: =IF($A68="","",SUMIF($B$7:$T$7,">0",$B68:$T68)) | Z68: =IF($A68="","",SUMIF($B$8:$T$8,">0",$B68:$T68)) | AA68: =IF($A68="","",SUMIF($B$9:$T$9,">0",$B68:$T68)) | AC68: =IF($A68="","",SUM(B68:E68)) | AD68: =IF($A68="","",SUM(G68:J68)) | AE68: =IF($A68="","",SUM(L68:O68)) | AF68: =IF($A68="","",SUM(Q68:T68)) | AG68: =COUNTIF(AC68:AF68,0) -> 0 | AH68: =IF(SUM(AC68:AF68)=0,"None",CONCATENATE(IF(AC68>0,AC$16&",",""),IF(AD68>0,AD$16&",",""),IF(AE68>0,AE$16&",",""),IF(AF68>0,AF$16,""))) -> None | AI68: =IF(AH68<>"",IF(RIGHT(AH68,1)=",",LEFT(AH68,LEN(AH68)-1),AH68),"None") -> None | AJ68: =IF($A68="","",HLOOKUP($AI68,$AD$3:$AR$9,AD$11,FALSE)) | AK68: =IF($A68="","",HLOOKUP($AI68,$AD$3:$AR$9,AE$11,FALSE)) | AL68: =IF($A68="","",HLOOKUP($AI68,$AD$3:$AR$9,AF$11,FALSE)) | AM68: =IF($A68="","",HLOOKUP($AI68,$AD$3:$AR$9,AG$11,FALSE)) | AN68: =IF($A68="","",HLOOKUP($AI68,$AD$3:$AR$9,AH$11,FALSE)) | AO68: =IF($A68="","",HLOOKUP($AI68,$AD$3:$AR$9,AI$11,FALSE)) | AP68: =SUM(AJ68:AO68) -> 0 | AR68: =$AR55 -> 1,4 | AT68: =IF(AT42,IF(AT$38>$AQ42,AT$39,$AR42),0) -> 0 | AU68: =IF(AU42,IF(AU$38>$AQ42,AU$39,$AR42),0) -> 0 | AV68: =IF(AV42,IF(AV$38>$AQ42,AV$39,$AR42),0) -> 0 | AW68: =IF(AW42,IF(AW$38>$AQ42,AW$39,$AR42),0) -> 0 | AX68: =IF(AX42,IF(AX$38>$AQ42,AX$39,$AR42),0) -> 0 | AY68: =IF(AY42,IF(AY$38>$AQ42,AY$39,$AR42),0) -> 0 | AZ68: =IF(AZ42,IF(AZ$38>$AQ42,AZ$39,$AR42),0) -> 1,4 | BA68: =IF(BA42,IF(BA$38>$AQ42,BA$39,$AR42),0) -> 1,4 | ... BC68: =IF(BC42,IF(BC$38>$AQ42,BC$39,$AR42),0) -> 1,4
A69: =IF(ISBLANK(CT!A84),"",CT!A84) | U69: =IF($A69="","",SUM(B69:T69)) | V69: =IF($A69="","",SUMIF($B$4:$T$4,">0",$B69:$T69)) | W69: =IF($A69="","",SUMIF($B$5:$T$5,">0",$B69:$T69)) | X69: =IF($A69="","",SUMIF($B$6:$T$6,">0",$B69:$T69)) | Y69: =IF($A69="","",SUMIF($B$7:$T$7,">0",$B69:$T69)) | Z69: =IF($A69="","",SUMIF($B$8:$T$8,">0",$B69:$T69)) | AA69: =IF($A69="","",SUMIF($B$9:$T$9,">0",$B69:$T69)) | AC69: =IF($A69="","",SUM(B69:E69)) | AD69: =IF($A69="","",SUM(G69:J69)) | AE69: =IF($A69="","",SUM(L69:O69)) | AF69: =IF($A69="","",SUM(Q69:T69)) | AG69: =COUNTIF(AC69:AF69,0) -> 0 | AH69: =IF(SUM(AC69:AF69)=0,"None",CONCATENATE(IF(AC69>0,AC$16&",",""),IF(AD69>0,AD$16&",",""),IF(AE69>0,AE$16&",",""),IF(AF69>0,AF$16,""))) -> None | AI69: =IF(AH69<>"",IF(RIGHT(AH69,1)=",",LEFT(AH69,LEN(AH69)-1),AH69),"None") -> None | AJ69: =IF($A69="","",HLOOKUP($AI69,$AD$3:$AR$9,AD$11,FALSE)) | AK69: =IF($A69="","",HLOOKUP($AI69,$AD$3:$AR$9,AE$11,FALSE)) | AL69: =IF($A69="","",HLOOKUP($AI69,$AD$3:$AR$9,AF$11,FALSE)) | AM69: =IF($A69="","",HLOOKUP($AI69,$AD$3:$AR$9,AG$11,FALSE)) | AN69: =IF($A69="","",HLOOKUP($AI69,$AD$3:$AR$9,AH$11,FALSE)) | AO69: =IF($A69="","",HLOOKUP($AI69,$AD$3:$AR$9,AI$11,FALSE)) | AP69: =SUM(AJ69:AO69) -> 0 | AR69: =$AR56 -> 2,3 | AT69: =IF(AT43,IF(AT$38>$AQ43,AT$39,$AR43),0) -> 0 | AU69: =IF(AU43,IF(AU$38>$AQ43,AU$39,$AR43),0) -> 0 | AV69: =IF(AV43,IF(AV$38>$AQ43,AV$39,$AR43),0) -> 0 | AW69: =IF(AW43,IF(AW$38>$AQ43,AW$39,$AR43),0) -> 0 | AX69: =IF(AX43,IF(AX$38>$AQ43,AX$39,$AR43),0) -> 0 | AY69: =IF(AY43,IF(AY$38>$AQ43,AY$39,$AR43),0) -> 0 | AZ69: =IF(AZ43,IF(AZ$38>$AQ43,AZ$39,$AR43),0) -> 2,3 | BA69: =IF(BA43,IF(BA$38>$AQ43,BA$39,$AR43),0) -> 2,3 | ... BC69: =IF(BC43,IF(BC$38>$AQ43,BC$39,$AR43),0) -> 2,3
A70: =IF(ISBLANK(CT!A85),"",CT!A85) | U70: =IF($A70="","",SUM(B70:T70)) | V70: =IF($A70="","",SUMIF($B$4:$T$4,">0",$B70:$T70)) | W70: =IF($A70="","",SUMIF($B$5:$T$5,">0",$B70:$T70)) | X70: =IF($A70="","",SUMIF($B$6:$T$6,">0",$B70:$T70)) | Y70: =IF($A70="","",SUMIF($B$7:$T$7,">0",$B70:$T70)) | Z70: =IF($A70="","",SUMIF($B$8:$T$8,">0",$B70:$T70)) | AA70: =IF($A70="","",SUMIF($B$9:$T$9,">0",$B70:$T70)) | AC70: =IF($A70="","",SUM(B70:E70)) | AD70: =IF($A70="","",SUM(G70:J70)) | AE70: =IF($A70="","",SUM(L70:O70)) | AF70: =IF($A70="","",SUM(Q70:T70)) | AG70: =COUNTIF(AC70:AF70,0) -> 0 | AH70: =IF(SUM(AC70:AF70)=0,"None",CONCATENATE(IF(AC70>0,AC$16&",",""),IF(AD70>0,AD$16&",",""),IF(AE70>0,AE$16&",",""),IF(AF70>0,AF$16,""))) -> None | AI70: =IF(AH70<>"",IF(RIGHT(AH70,1)=",",LEFT(AH70,LEN(AH70)-1),AH70),"None") -> None | AJ70: =IF($A70="","",HLOOKUP($AI70,$AD$3:$AR$9,AD$11,FALSE)) | AK70: =IF($A70="","",HLOOKUP($AI70,$AD$3:$AR$9,AE$11,FALSE)) | AL70: =IF($A70="","",HLOOKUP($AI70,$AD$3:$AR$9,AF$11,FALSE)) | AM70: =IF($A70="","",HLOOKUP($AI70,$AD$3:$AR$9,AG$11,FALSE)) | AN70: =IF($A70="","",HLOOKUP($AI70,$AD$3:$AR$9,AH$11,FALSE)) | AO70: =IF($A70="","",HLOOKUP($AI70,$AD$3:$AR$9,AI$11,FALSE)) | AP70: =SUM(AJ70:AO70) -> 0 | AR70: =$AR57 -> 2,4 | AT70: =IF(AT44,IF(AT$38>$AQ44,AT$39,$AR44),0) -> 0 | AU70: =IF(AU44,IF(AU$38>$AQ44,AU$39,$AR44),0) -> 0 | AV70: =IF(AV44,IF(AV$38>$AQ44,AV$39,$AR44),0) -> 0 | AW70: =IF(AW44,IF(AW$38>$AQ44,AW$39,$AR44),0) -> 0 | AX70: =IF(AX44,IF(AX$38>$AQ44,AX$39,$AR44),0) -> 0 | AY70: =IF(AY44,IF(AY$38>$AQ44,AY$39,$AR44),0) -> 0 | AZ70: =IF(AZ44,IF(AZ$38>$AQ44,AZ$39,$AR44),0) -> 2,4 | BA70: =IF(BA44,IF(BA$38>$AQ44,BA$39,$AR44),0) -> 2,4 | ... BC70: =IF(BC44,IF(BC$38>$AQ44,BC$39,$AR44),0) -> 2,4
A71: =IF(ISBLANK(CT!A86),"",CT!A86) | U71: =IF($A71="","",SUM(B71:T71)) | V71: =IF($A71="","",SUMIF($B$4:$T$4,">0",$B71:$T71)) | W71: =IF($A71="","",SUMIF($B$5:$T$5,">0",$B71:$T71)) | X71: =IF($A71="","",SUMIF($B$6:$T$6,">0",$B71:$T71)) | Y71: =IF($A71="","",SUMIF($B$7:$T$7,">0",$B71:$T71)) | Z71: =IF($A71="","",SUMIF($B$8:$T$8,">0",$B71:$T71)) | AA71: =IF($A71="","",SUMIF($B$9:$T$9,">0",$B71:$T71)) | AC71: =IF($A71="","",SUM(B71:E71)) | AD71: =IF($A71="","",SUM(G71:J71)) | AE71: =IF($A71="","",SUM(L71:O71)) | AF71: =IF($A71="","",SUM(Q71:T71)) | AG71: =COUNTIF(AC71:AF71,0) -> 0 | AH71: =IF(SUM(AC71:AF71)=0,"None",CONCATENATE(IF(AC71>0,AC$16&",",""),IF(AD71>0,AD$16&",",""),IF(AE71>0,AE$16&",",""),IF(AF71>0,AF$16,""))) -> None | AI71: =IF(AH71<>"",IF(RIGHT(AH71,1)=",",LEFT(AH71,LEN(AH71)-1),AH71),"None") -> None | AJ71: =IF($A71="","",HLOOKUP($AI71,$AD$3:$AR$9,AD$11,FALSE)) | AK71: =IF($A71="","",HLOOKUP($AI71,$AD$3:$AR$9,AE$11,FALSE)) | AL71: =IF($A71="","",HLOOKUP($AI71,$AD$3:$AR$9,AF$11,FALSE)) | AM71: =IF($A71="","",HLOOKUP($AI71,$AD$3:$AR$9,AG$11,FALSE)) | AN71: =IF($A71="","",HLOOKUP($AI71,$AD$3:$AR$9,AH$11,FALSE)) | AO71: =IF($A71="","",HLOOKUP($AI71,$AD$3:$AR$9,AI$11,FALSE)) | AP71: =SUM(AJ71:AO71) -> 0 | AR71: =$AR58 -> 3,4 | AT71: =IF(AT45,IF(AT$38>$AQ45,AT$39,$AR45),0) -> 0 | AU71: =IF(AU45,IF(AU$38>$AQ45,AU$39,$AR45),0) -> 0 | AV71: =IF(AV45,IF(AV$38>$AQ45,AV$39,$AR45),0) -> 0 | AW71: =IF(AW45,IF(AW$38>$AQ45,AW$39,$AR45),0) -> 0 | AX71: =IF(AX45,IF(AX$38>$AQ45,AX$39,$AR45),0) -> 0 | AY71: =IF(AY45,IF(AY$38>$AQ45,AY$39,$AR45),0) -> 0 | AZ71: =IF(AZ45,IF(AZ$38>$AQ45,AZ$39,$AR45),0) -> 3,4 | BA71: =IF(BA45,IF(BA$38>$AQ45,BA$39,$AR45),0) -> 3,4 | ... BC71: =IF(BC45,IF(BC$38>$AQ45,BC$39,$AR45),0) -> 3,4
A72: =IF(ISBLANK(CT!A87),"",CT!A87) | U72: =IF($A72="","",SUM(B72:T72)) | V72: =IF($A72="","",SUMIF($B$4:$T$4,">0",$B72:$T72)) | W72: =IF($A72="","",SUMIF($B$5:$T$5,">0",$B72:$T72)) | X72: =IF($A72="","",SUMIF($B$6:$T$6,">0",$B72:$T72)) | Y72: =IF($A72="","",SUMIF($B$7:$T$7,">0",$B72:$T72)) | Z72: =IF($A72="","",SUMIF($B$8:$T$8,">0",$B72:$T72)) | AA72: =IF($A72="","",SUMIF($B$9:$T$9,">0",$B72:$T72)) | AC72: =IF($A72="","",SUM(B72:E72)) | AD72: =IF($A72="","",SUM(G72:J72)) | AE72: =IF($A72="","",SUM(L72:O72)) | AF72: =IF($A72="","",SUM(Q72:T72)) | AG72: =COUNTIF(AC72:AF72,0) -> 0 | AH72: =IF(SUM(AC72:AF72)=0,"None",CONCATENATE(IF(AC72>0,AC$16&",",""),IF(AD72>0,AD$16&",",""),IF(AE72>0,AE$16&",",""),IF(AF72>0,AF$16,""))) -> None | AI72: =IF(AH72<>"",IF(RIGHT(AH72,1)=",",LEFT(AH72,LEN(AH72)-1),AH72),"None") -> None | AJ72: =IF($A72="","",HLOOKUP($AI72,$AD$3:$AR$9,AD$11,FALSE)) | AK72: =IF($A72="","",HLOOKUP($AI72,$AD$3:$AR$9,AE$11,FALSE)) | AL72: =IF($A72="","",HLOOKUP($AI72,$AD$3:$AR$9,AF$11,FALSE)) | AM72: =IF($A72="","",HLOOKUP($AI72,$AD$3:$AR$9,AG$11,FALSE)) | AN72: =IF($A72="","",HLOOKUP($AI72,$AD$3:$AR$9,AH$11,FALSE)) | AO72: =IF($A72="","",HLOOKUP($AI72,$AD$3:$AR$9,AI$11,FALSE)) | AP72: =SUM(AJ72:AO72) -> 0 | AR72: =$AR59 -> 1 | AT72: =IF(AT46,IF(AT$38>$AQ46,AT$39,$AR46),0) -> 1,2 | AU72: =IF(AU46,IF(AU$38>$AQ46,AU$39,$AR46),0) -> 1,3 | AV72: =IF(AV46,IF(AV$38>$AQ46,AV$39,$AR46),0) -> 1,4 | AW72: =IF(AW46,IF(AW$38>$AQ46,AW$39,$AR46),0) -> 2,3 | AX72: =IF(AX46,IF(AX$38>$AQ46,AX$39,$AR46),0) -> 2,4 | AY72: =IF(AY46,IF(AY$38>$AQ46,AY$39,$AR46),0) -> 3,4 | AZ72: =IF(AZ46,IF(AZ$38>$AQ46,AZ$39,$AR46),0) -> 0 | BA72: =IF(BA46,IF(BA$38>$AQ46,BA$39,$AR46),0) -> 0 | ... BC72: =IF(BC46,IF(BC$38>$AQ46,BC$39,$AR46),0) -> 0
A73: =IF(ISBLANK(CT!A88),"",CT!A88) | U73: =IF($A73="","",SUM(B73:T73)) | V73: =IF($A73="","",SUMIF($B$4:$T$4,">0",$B73:$T73)) | W73: =IF($A73="","",SUMIF($B$5:$T$5,">0",$B73:$T73)) | X73: =IF($A73="","",SUMIF($B$6:$T$6,">0",$B73:$T73)) | Y73: =IF($A73="","",SUMIF($B$7:$T$7,">0",$B73:$T73)) | Z73: =IF($A73="","",SUMIF($B$8:$T$8,">0",$B73:$T73)) | AA73: =IF($A73="","",SUMIF($B$9:$T$9,">0",$B73:$T73)) | AC73: =IF($A73="","",SUM(B73:E73)) | AD73: =IF($A73="","",SUM(G73:J73)) | AE73: =IF($A73="","",SUM(L73:O73)) | AF73: =IF($A73="","",SUM(Q73:T73)) | AG73: =COUNTIF(AC73:AF73,0) -> 0 | AH73: =IF(SUM(AC73:AF73)=0,"None",CONCATENATE(IF(AC73>0,AC$16&",",""),IF(AD73>0,AD$16&",",""),IF(AE73>0,AE$16&",",""),IF(AF73>0,AF$16,""))) -> None | AI73: =IF(AH73<>"",IF(RIGHT(AH73,1)=",",LEFT(AH73,LEN(AH73)-1),AH73),"None") -> None | AJ73: =IF($A73="","",HLOOKUP($AI73,$AD$3:$AR$9,AD$11,FALSE)) | AK73: =IF($A73="","",HLOOKUP($AI73,$AD$3:$AR$9,AE$11,FALSE)) | AL73: =IF($A73="","",HLOOKUP($AI73,$AD$3:$AR$9,AF$11,FALSE)) | AM73: =IF($A73="","",HLOOKUP($AI73,$AD$3:$AR$9,AG$11,FALSE)) | AN73: =IF($A73="","",HLOOKUP($AI73,$AD$3:$AR$9,AH$11,FALSE)) | AO73: =IF($A73="","",HLOOKUP($AI73,$AD$3:$AR$9,AI$11,FALSE)) | AP73: =SUM(AJ73:AO73) -> 0 | AR73: =$AR60 -> 2 | AT73: =IF(AT47,IF(AT$38>$AQ47,AT$39,$AR47),0) -> 1,2 | AU73: =IF(AU47,IF(AU$38>$AQ47,AU$39,$AR47),0) -> 1,3 | AV73: =IF(AV47,IF(AV$38>$AQ47,AV$39,$AR47),0) -> 1,4 | AW73: =IF(AW47,IF(AW$38>$AQ47,AW$39,$AR47),0) -> 2,3 | AX73: =IF(AX47,IF(AX$38>$AQ47,AX$39,$AR47),0) -> 2,4 | AY73: =IF(AY47,IF(AY$38>$AQ47,AY$39,$AR47),0) -> 3,4 | AZ73: =IF(AZ47,IF(AZ$38>$AQ47,AZ$39,$AR47),0) -> 0 | BA73: =IF(BA47,IF(BA$38>$AQ47,BA$39,$AR47),0) -> 0 | ... BC73: =IF(BC47,IF(BC$38>$AQ47,BC$39,$AR47),0) -> 0
A74: =IF(ISBLANK(CT!A89),"",CT!A89) | U74: =IF($A74="","",SUM(B74:T74)) | V74: =IF($A74="","",SUMIF($B$4:$T$4,">0",$B74:$T74)) | W74: =IF($A74="","",SUMIF($B$5:$T$5,">0",$B74:$T74)) | X74: =IF($A74="","",SUMIF($B$6:$T$6,">0",$B74:$T74)) | Y74: =IF($A74="","",SUMIF($B$7:$T$7,">0",$B74:$T74)) | Z74: =IF($A74="","",SUMIF($B$8:$T$8,">0",$B74:$T74)) | AA74: =IF($A74="","",SUMIF($B$9:$T$9,">0",$B74:$T74)) | AC74: =IF($A74="","",SUM(B74:E74)) | AD74: =IF($A74="","",SUM(G74:J74)) | AE74: =IF($A74="","",SUM(L74:O74)) | AF74: =IF($A74="","",SUM(Q74:T74)) | AG74: =COUNTIF(AC74:AF74,0) -> 0 | AH74: =IF(SUM(AC74:AF74)=0,"None",CONCATENATE(IF(AC74>0,AC$16&",",""),IF(AD74>0,AD$16&",",""),IF(AE74>0,AE$16&",",""),IF(AF74>0,AF$16,""))) -> None | AI74: =IF(AH74<>"",IF(RIGHT(AH74,1)=",",LEFT(AH74,LEN(AH74)-1),AH74),"None") -> None | AJ74: =IF($A74="","",HLOOKUP($AI74,$AD$3:$AR$9,AD$11,FALSE)) | AK74: =IF($A74="","",HLOOKUP($AI74,$AD$3:$AR$9,AE$11,FALSE)) | AL74: =IF($A74="","",HLOOKUP($AI74,$AD$3:$AR$9,AF$11,FALSE)) | AM74: =IF($A74="","",HLOOKUP($AI74,$AD$3:$AR$9,AG$11,FALSE)) | AN74: =IF($A74="","",HLOOKUP($AI74,$AD$3:$AR$9,AH$11,FALSE)) | AO74: =IF($A74="","",HLOOKUP($AI74,$AD$3:$AR$9,AI$11,FALSE)) | AP74: =SUM(AJ74:AO74) -> 0 | AR74: =$AR61 -> 3 | AT74: =IF(AT48,IF(AT$38>$AQ48,AT$39,$AR48),0) -> 1,2 | AU74: =IF(AU48,IF(AU$38>$AQ48,AU$39,$AR48),0) -> 1,3 | AV74: =IF(AV48,IF(AV$38>$AQ48,AV$39,$AR48),0) -> 1,4 | AW74: =IF(AW48,IF(AW$38>$AQ48,AW$39,$AR48),0) -> 2,3 | AX74: =IF(AX48,IF(AX$38>$AQ48,AX$39,$AR48),0) -> 2,4 | AY74: =IF(AY48,IF(AY$38>$AQ48,AY$39,$AR48),0) -> 3,4 | AZ74: =IF(AZ48,IF(AZ$38>$AQ48,AZ$39,$AR48),0) -> 0 | BA74: =IF(BA48,IF(BA$38>$AQ48,BA$39,$AR48),0) -> 0 | ... BC74: =IF(BC48,IF(BC$38>$AQ48,BC$39,$AR48),0) -> 0
A75: =IF(ISBLANK(CT!A90),"",CT!A90) | U75: =IF($A75="","",SUM(B75:T75)) | V75: =IF($A75="","",SUMIF($B$4:$T$4,">0",$B75:$T75)) | W75: =IF($A75="","",SUMIF($B$5:$T$5,">0",$B75:$T75)) | X75: =IF($A75="","",SUMIF($B$6:$T$6,">0",$B75:$T75)) | Y75: =IF($A75="","",SUMIF($B$7:$T$7,">0",$B75:$T75)) | Z75: =IF($A75="","",SUMIF($B$8:$T$8,">0",$B75:$T75)) | AA75: =IF($A75="","",SUMIF($B$9:$T$9,">0",$B75:$T75)) | AC75: =IF($A75="","",SUM(B75:E75)) | AD75: =IF($A75="","",SUM(G75:J75)) | AE75: =IF($A75="","",SUM(L75:O75)) | AF75: =IF($A75="","",SUM(Q75:T75)) | AG75: =COUNTIF(AC75:AF75,0) -> 0 | AH75: =IF(SUM(AC75:AF75)=0,"None",CONCATENATE(IF(AC75>0,AC$16&",",""),IF(AD75>0,AD$16&",",""),IF(AE75>0,AE$16&",",""),IF(AF75>0,AF$16,""))) -> None | AI75: =IF(AH75<>"",IF(RIGHT(AH75,1)=",",LEFT(AH75,LEN(AH75)-1),AH75),"None") -> None | AJ75: =IF($A75="","",HLOOKUP($AI75,$AD$3:$AR$9,AD$11,FALSE)) | AK75: =IF($A75="","",HLOOKUP($AI75,$AD$3:$AR$9,AE$11,FALSE)) | AL75: =IF($A75="","",HLOOKUP($AI75,$AD$3:$AR$9,AF$11,FALSE)) | AM75: =IF($A75="","",HLOOKUP($AI75,$AD$3:$AR$9,AG$11,FALSE)) | AN75: =IF($A75="","",HLOOKUP($AI75,$AD$3:$AR$9,AH$11,FALSE)) | AO75: =IF($A75="","",HLOOKUP($AI75,$AD$3:$AR$9,AI$11,FALSE)) | AP75: =SUM(AJ75:AO75) -> 0 | AR75: =$AR62 -> 4 | AT75: =IF(AT49,IF(AT$38>$AQ49,AT$39,$AR49),0) -> 1,2 | AU75: =IF(AU49,IF(AU$38>$AQ49,AU$39,$AR49),0) -> 1,3 | AV75: =IF(AV49,IF(AV$38>$AQ49,AV$39,$AR49),0) -> 1,4 | AW75: =IF(AW49,IF(AW$38>$AQ49,AW$39,$AR49),0) -> 2,3 | AX75: =IF(AX49,IF(AX$38>$AQ49,AX$39,$AR49),0) -> 2,4 | AY75: =IF(AY49,IF(AY$38>$AQ49,AY$39,$AR49),0) -> 3,4 | AZ75: =IF(AZ49,IF(AZ$38>$AQ49,AZ$39,$AR49),0) -> 0 | BA75: =IF(BA49,IF(BA$38>$AQ49,BA$39,$AR49),0) -> 0 | ... BC75: =IF(BC49,IF(BC$38>$AQ49,BC$39,$AR49),0) -> 0
A76: =IF(ISBLANK(CT!A91),"",CT!A91) | U76: =IF($A76="","",SUM(B76:T76)) | V76: =IF($A76="","",SUMIF($B$4:$T$4,">0",$B76:$T76)) | W76: =IF($A76="","",SUMIF($B$5:$T$5,">0",$B76:$T76)) | X76: =IF($A76="","",SUMIF($B$6:$T$6,">0",$B76:$T76)) | Y76: =IF($A76="","",SUMIF($B$7:$T$7,">0",$B76:$T76)) | Z76: =IF($A76="","",SUMIF($B$8:$T$8,">0",$B76:$T76)) | AA76: =IF($A76="","",SUMIF($B$9:$T$9,">0",$B76:$T76)) | AC76: =IF($A76="","",SUM(B76:E76)) | AD76: =IF($A76="","",SUM(G76:J76)) | AE76: =IF($A76="","",SUM(L76:O76)) | AF76: =IF($A76="","",SUM(Q76:T76)) | AG76: =COUNTIF(AC76:AF76,0) -> 0 | AH76: =IF(SUM(AC76:AF76)=0,"None",CONCATENATE(IF(AC76>0,AC$16&",",""),IF(AD76>0,AD$16&",",""),IF(AE76>0,AE$16&",",""),IF(AF76>0,AF$16,""))) -> None | AI76: =IF(AH76<>"",IF(RIGHT(AH76,1)=",",LEFT(AH76,LEN(AH76)-1),AH76),"None") -> None | AJ76: =IF($A76="","",HLOOKUP($AI76,$AD$3:$AR$9,AD$11,FALSE)) | AK76: =IF($A76="","",HLOOKUP($AI76,$AD$3:$AR$9,AE$11,FALSE)) | AL76: =IF($A76="","",HLOOKUP($AI76,$AD$3:$AR$9,AF$11,FALSE)) | AM76: =IF($A76="","",HLOOKUP($AI76,$AD$3:$AR$9,AG$11,FALSE)) | AN76: =IF($A76="","",HLOOKUP($AI76,$AD$3:$AR$9,AH$11,FALSE)) | AO76: =IF($A76="","",HLOOKUP($AI76,$AD$3:$AR$9,AI$11,FALSE)) | AP76: =SUM(AJ76:AO76) -> 0
A77: =IF(ISBLANK(CT!A92),"",CT!A92) | U77: =IF($A77="","",SUM(B77:T77)) | V77: =IF($A77="","",SUMIF($B$4:$T$4,">0",$B77:$T77)) | W77: =IF($A77="","",SUMIF($B$5:$T$5,">0",$B77:$T77)) | X77: =IF($A77="","",SUMIF($B$6:$T$6,">0",$B77:$T77)) | Y77: =IF($A77="","",SUMIF($B$7:$T$7,">0",$B77:$T77)) | Z77: =IF($A77="","",SUMIF($B$8:$T$8,">0",$B77:$T77)) | AA77: =IF($A77="","",SUMIF($B$9:$T$9,">0",$B77:$T77)) | AC77: =IF($A77="","",SUM(B77:E77)) | AD77: =IF($A77="","",SUM(G77:J77)) | AE77: =IF($A77="","",SUM(L77:O77)) | AF77: =IF($A77="","",SUM(Q77:T77)) | AG77: =COUNTIF(AC77:AF77,0) -> 0 | AH77: =IF(SUM(AC77:AF77)=0,"None",CONCATENATE(IF(AC77>0,AC$16&",",""),IF(AD77>0,AD$16&",",""),IF(AE77>0,AE$16&",",""),IF(AF77>0,AF$16,""))) -> None | AI77: =IF(AH77<>"",IF(RIGHT(AH77,1)=",",LEFT(AH77,LEN(AH77)-1),AH77),"None") -> None | AJ77: =IF($A77="","",HLOOKUP($AI77,$AD$3:$AR$9,AD$11,FALSE)) | AK77: =IF($A77="","",HLOOKUP($AI77,$AD$3:$AR$9,AE$11,FALSE)) | AL77: =IF($A77="","",HLOOKUP($AI77,$AD$3:$AR$9,AF$11,FALSE)) | AM77: =IF($A77="","",HLOOKUP($AI77,$AD$3:$AR$9,AG$11,FALSE)) | AN77: =IF($A77="","",HLOOKUP($AI77,$AD$3:$AR$9,AH$11,FALSE)) | AO77: =IF($A77="","",HLOOKUP($AI77,$AD$3:$AR$9,AI$11,FALSE)) | AP77: =SUM(AJ77:AO77) -> 0
A78: =IF(ISBLANK(CT!A93),"",CT!A93) | U78: =IF($A78="","",SUM(B78:T78)) | V78: =IF($A78="","",SUMIF($B$4:$T$4,">0",$B78:$T78)) | W78: =IF($A78="","",SUMIF($B$5:$T$5,">0",$B78:$T78)) | X78: =IF($A78="","",SUMIF($B$6:$T$6,">0",$B78:$T78)) | Y78: =IF($A78="","",SUMIF($B$7:$T$7,">0",$B78:$T78)) | Z78: =IF($A78="","",SUMIF($B$8:$T$8,">0",$B78:$T78)) | AA78: =IF($A78="","",SUMIF($B$9:$T$9,">0",$B78:$T78)) | AC78: =IF($A78="","",SUM(B78:E78)) | AD78: =IF($A78="","",SUM(G78:J78)) | AE78: =IF($A78="","",SUM(L78:O78)) | AF78: =IF($A78="","",SUM(Q78:T78)) | AG78: =COUNTIF(AC78:AF78,0) -> 0 | AH78: =IF(SUM(AC78:AF78)=0,"None",CONCATENATE(IF(AC78>0,AC$16&",",""),IF(AD78>0,AD$16&",",""),IF(AE78>0,AE$16&",",""),IF(AF78>0,AF$16,""))) -> None | AI78: =IF(AH78<>"",IF(RIGHT(AH78,1)=",",LEFT(AH78,LEN(AH78)-1),AH78),"None") -> None | AJ78: =IF($A78="","",HLOOKUP($AI78,$AD$3:$AR$9,AD$11,FALSE)) | AK78: =IF($A78="","",HLOOKUP($AI78,$AD$3:$AR$9,AE$11,FALSE)) | AL78: =IF($A78="","",HLOOKUP($AI78,$AD$3:$AR$9,AF$11,FALSE)) | AM78: =IF($A78="","",HLOOKUP($AI78,$AD$3:$AR$9,AG$11,FALSE)) | AN78: =IF($A78="","",HLOOKUP($AI78,$AD$3:$AR$9,AH$11,FALSE)) | AO78: =IF($A78="","",HLOOKUP($AI78,$AD$3:$AR$9,AI$11,FALSE)) | AP78: =SUM(AJ78:AO78) -> 0 | AT78: =AT$3 -> 1,2 | AU78: =AU$3 -> 1,3 | AV78: =AV$3 -> 1,4 | AW78: =AW$3 -> 2,3 | AX78: =AX$3 -> 2,4 | AY78: =AY$3 -> 3,4 | AZ78: =AZ$3 -> 1 | BA78: =BA$3 -> 2 | ... BC78: =BC$3 -> 4
A79: =IF(ISBLANK(CT!A94),"",CT!A94) | U79: =IF($A79="","",SUM(B79:T79)) | V79: =IF($A79="","",SUMIF($B$4:$T$4,">0",$B79:$T79)) | W79: =IF($A79="","",SUMIF($B$5:$T$5,">0",$B79:$T79)) | X79: =IF($A79="","",SUMIF($B$6:$T$6,">0",$B79:$T79)) | Y79: =IF($A79="","",SUMIF($B$7:$T$7,">0",$B79:$T79)) | Z79: =IF($A79="","",SUMIF($B$8:$T$8,">0",$B79:$T79)) | AA79: =IF($A79="","",SUMIF($B$9:$T$9,">0",$B79:$T79)) | AC79: =IF($A79="","",SUM(B79:E79)) | AD79: =IF($A79="","",SUM(G79:J79)) | AE79: =IF($A79="","",SUM(L79:O79)) | AF79: =IF($A79="","",SUM(Q79:T79)) | AG79: =COUNTIF(AC79:AF79,0) -> 0 | AH79: =IF(SUM(AC79:AF79)=0,"None",CONCATENATE(IF(AC79>0,AC$16&",",""),IF(AD79>0,AD$16&",",""),IF(AE79>0,AE$16&",",""),IF(AF79>0,AF$16,""))) -> None | AI79: =IF(AH79<>"",IF(RIGHT(AH79,1)=",",LEFT(AH79,LEN(AH79)-1),AH79),"None") -> None | AJ79: =IF($A79="","",HLOOKUP($AI79,$AD$3:$AR$9,AD$11,FALSE)) | AK79: =IF($A79="","",HLOOKUP($AI79,$AD$3:$AR$9,AE$11,FALSE)) | AL79: =IF($A79="","",HLOOKUP($AI79,$AD$3:$AR$9,AF$11,FALSE)) | AM79: =IF($A79="","",HLOOKUP($AI79,$AD$3:$AR$9,AG$11,FALSE)) | AN79: =IF($A79="","",HLOOKUP($AI79,$AD$3:$AR$9,AH$11,FALSE)) | AO79: =IF($A79="","",HLOOKUP($AI79,$AD$3:$AR$9,AI$11,FALSE)) | AP79: =SUM(AJ79:AO79) -> 0 | AR79: =$AR66 -> 1,2 | AT79: =IF(AT40,IF(ISERR(SEARCH(AT53,AT66)),1,0),0) -> 0 | AU79: =IF(AU40,IF(ISERR(SEARCH(AU53,AU66)),1,0),0) -> 0 | AV79: =IF(AV40,IF(ISERR(SEARCH(AV53,AV66)),1,0),0) -> 0 | AW79: =IF(AW40,IF(ISERR(SEARCH(AW53,AW66)),1,0),0) -> 0 | AX79: =IF(AX40,IF(ISERR(SEARCH(AX53,AX66)),1,0),0) -> 0 | AY79: =IF(AY40,IF(ISERR(SEARCH(AY53,AY66)),1,0),0) -> 0 | AZ79: =IF(AZ40,IF(ISERR(SEARCH(AZ53,AZ66)),1,0),0) -> 0 | BA79: =IF(BA40,IF(ISERR(SEARCH(BA53,BA66)),1,0),0) -> 0 | ... BC79: =IF(BC40,IF(ISERR(SEARCH(BC53,BC66)),1,0),0) -> 1
A80: =IF(ISBLANK(CT!A95),"",CT!A95) | U80: =IF($A80="","",SUM(B80:T80)) | V80: =IF($A80="","",SUMIF($B$4:$T$4,">0",$B80:$T80)) | W80: =IF($A80="","",SUMIF($B$5:$T$5,">0",$B80:$T80)) | X80: =IF($A80="","",SUMIF($B$6:$T$6,">0",$B80:$T80)) | Y80: =IF($A80="","",SUMIF($B$7:$T$7,">0",$B80:$T80)) | Z80: =IF($A80="","",SUMIF($B$8:$T$8,">0",$B80:$T80)) | AA80: =IF($A80="","",SUMIF($B$9:$T$9,">0",$B80:$T80)) | AC80: =IF($A80="","",SUM(B80:E80)) | AD80: =IF($A80="","",SUM(G80:J80)) | AE80: =IF($A80="","",SUM(L80:O80)) | AF80: =IF($A80="","",SUM(Q80:T80)) | AG80: =COUNTIF(AC80:AF80,0) -> 0 | AH80: =IF(SUM(AC80:AF80)=0,"None",CONCATENATE(IF(AC80>0,AC$16&",",""),IF(AD80>0,AD$16&",",""),IF(AE80>0,AE$16&",",""),IF(AF80>0,AF$16,""))) -> None | AI80: =IF(AH80<>"",IF(RIGHT(AH80,1)=",",LEFT(AH80,LEN(AH80)-1),AH80),"None") -> None | AJ80: =IF($A80="","",HLOOKUP($AI80,$AD$3:$AR$9,AD$11,FALSE)) | AK80: =IF($A80="","",HLOOKUP($AI80,$AD$3:$AR$9,AE$11,FALSE)) | AL80: =IF($A80="","",HLOOKUP($AI80,$AD$3:$AR$9,AF$11,FALSE)) | AM80: =IF($A80="","",HLOOKUP($AI80,$AD$3:$AR$9,AG$11,FALSE)) | AN80: =IF($A80="","",HLOOKUP($AI80,$AD$3:$AR$9,AH$11,FALSE)) | AO80: =IF($A80="","",HLOOKUP($AI80,$AD$3:$AR$9,AI$11,FALSE)) | AP80: =SUM(AJ80:AO80) -> 0 | AR80: =$AR67 -> 1,3 | AT80: =IF(AT41,IF(ISERR(SEARCH(AT54,AT67)),1,0),0) -> 0 | AU80: =IF(AU41,IF(ISERR(SEARCH(AU54,AU67)),1,0),0) -> 0 | AV80: =IF(AV41,IF(ISERR(SEARCH(AV54,AV67)),1,0),0) -> 0 | AW80: =IF(AW41,IF(ISERR(SEARCH(AW54,AW67)),1,0),0) -> 0 | AX80: =IF(AX41,IF(ISERR(SEARCH(AX54,AX67)),1,0),0) -> 0 | AY80: =IF(AY41,IF(ISERR(SEARCH(AY54,AY67)),1,0),0) -> 0 | AZ80: =IF(AZ41,IF(ISERR(SEARCH(AZ54,AZ67)),1,0),0) -> 0 | BA80: =IF(BA41,IF(ISERR(SEARCH(BA54,BA67)),1,0),0) -> 1 | ... BC80: =IF(BC41,IF(ISERR(SEARCH(BC54,BC67)),1,0),0) -> 1
A81: =IF(ISBLANK(CT!A96),"",CT!A96) | U81: =IF($A81="","",SUM(B81:T81)) | V81: =IF($A81="","",SUMIF($B$4:$T$4,">0",$B81:$T81)) | W81: =IF($A81="","",SUMIF($B$5:$T$5,">0",$B81:$T81)) | X81: =IF($A81="","",SUMIF($B$6:$T$6,">0",$B81:$T81)) | Y81: =IF($A81="","",SUMIF($B$7:$T$7,">0",$B81:$T81)) | Z81: =IF($A81="","",SUMIF($B$8:$T$8,">0",$B81:$T81)) | AA81: =IF($A81="","",SUMIF($B$9:$T$9,">0",$B81:$T81)) | AC81: =IF($A81="","",SUM(B81:E81)) | AD81: =IF($A81="","",SUM(G81:J81)) | AE81: =IF($A81="","",SUM(L81:O81)) | AF81: =IF($A81="","",SUM(Q81:T81)) | AG81: =COUNTIF(AC81:AF81,0) -> 0 | AH81: =IF(SUM(AC81:AF81)=0,"None",CONCATENATE(IF(AC81>0,AC$16&",",""),IF(AD81>0,AD$16&",",""),IF(AE81>0,AE$16&",",""),IF(AF81>0,AF$16,""))) -> None | AI81: =IF(AH81<>"",IF(RIGHT(AH81,1)=",",LEFT(AH81,LEN(AH81)-1),AH81),"None") -> None | AJ81: =IF($A81="","",HLOOKUP($AI81,$AD$3:$AR$9,AD$11,FALSE)) | AK81: =IF($A81="","",HLOOKUP($AI81,$AD$3:$AR$9,AE$11,FALSE)) | AL81: =IF($A81="","",HLOOKUP($AI81,$AD$3:$AR$9,AF$11,FALSE)) | AM81: =IF($A81="","",HLOOKUP($AI81,$AD$3:$AR$9,AG$11,FALSE)) | AN81: =IF($A81="","",HLOOKUP($AI81,$AD$3:$AR$9,AH$11,FALSE)) | AO81: =IF($A81="","",HLOOKUP($AI81,$AD$3:$AR$9,AI$11,FALSE)) | AP81: =SUM(AJ81:AO81) -> 0 | AR81: =$AR68 -> 1,4 | AT81: =IF(AT42,IF(ISERR(SEARCH(AT55,AT68)),1,0),0) -> 0 | AU81: =IF(AU42,IF(ISERR(SEARCH(AU55,AU68)),1,0),0) -> 0 | AV81: =IF(AV42,IF(ISERR(SEARCH(AV55,AV68)),1,0),0) -> 0 | AW81: =IF(AW42,IF(ISERR(SEARCH(AW55,AW68)),1,0),0) -> 0 | AX81: =IF(AX42,IF(ISERR(SEARCH(AX55,AX68)),1,0),0) -> 0 | AY81: =IF(AY42,IF(ISERR(SEARCH(AY55,AY68)),1,0),0) -> 0 | AZ81: =IF(AZ42,IF(ISERR(SEARCH(AZ55,AZ68)),1,0),0) -> 0 | BA81: =IF(BA42,IF(ISERR(SEARCH(BA55,BA68)),1,0),0) -> 1 | ... BC81: =IF(BC42,IF(ISERR(SEARCH(BC55,BC68)),1,0),0) -> 0
A82: =IF(ISBLANK(CT!A97),"",CT!A97) | U82: =IF($A82="","",SUM(B82:T82)) | V82: =IF($A82="","",SUMIF($B$4:$T$4,">0",$B82:$T82)) | W82: =IF($A82="","",SUMIF($B$5:$T$5,">0",$B82:$T82)) | X82: =IF($A82="","",SUMIF($B$6:$T$6,">0",$B82:$T82)) | Y82: =IF($A82="","",SUMIF($B$7:$T$7,">0",$B82:$T82)) | Z82: =IF($A82="","",SUMIF($B$8:$T$8,">0",$B82:$T82)) | AA82: =IF($A82="","",SUMIF($B$9:$T$9,">0",$B82:$T82)) | AC82: =IF($A82="","",SUM(B82:E82)) | AD82: =IF($A82="","",SUM(G82:J82)) | AE82: =IF($A82="","",SUM(L82:O82)) | AF82: =IF($A82="","",SUM(Q82:T82)) | AG82: =COUNTIF(AC82:AF82,0) -> 0 | AH82: =IF(SUM(AC82:AF82)=0,"None",CONCATENATE(IF(AC82>0,AC$16&",",""),IF(AD82>0,AD$16&",",""),IF(AE82>0,AE$16&",",""),IF(AF82>0,AF$16,""))) -> None | AI82: =IF(AH82<>"",IF(RIGHT(AH82,1)=",",LEFT(AH82,LEN(AH82)-1),AH82),"None") -> None | AJ82: =IF($A82="","",HLOOKUP($AI82,$AD$3:$AR$9,AD$11,FALSE)) | AK82: =IF($A82="","",HLOOKUP($AI82,$AD$3:$AR$9,AE$11,FALSE)) | AL82: =IF($A82="","",HLOOKUP($AI82,$AD$3:$AR$9,AF$11,FALSE)) | AM82: =IF($A82="","",HLOOKUP($AI82,$AD$3:$AR$9,AG$11,FALSE)) | AN82: =IF($A82="","",HLOOKUP($AI82,$AD$3:$AR$9,AH$11,FALSE)) | AO82: =IF($A82="","",HLOOKUP($AI82,$AD$3:$AR$9,AI$11,FALSE)) | AP82: =SUM(AJ82:AO82) -> 0 | AR82: =$AR69 -> 2,3 | AT82: =IF(AT43,IF(ISERR(SEARCH(AT56,AT69)),1,0),0) -> 0 | AU82: =IF(AU43,IF(ISERR(SEARCH(AU56,AU69)),1,0),0) -> 0 | AV82: =IF(AV43,IF(ISERR(SEARCH(AV56,AV69)),1,0),0) -> 0 | AW82: =IF(AW43,IF(ISERR(SEARCH(AW56,AW69)),1,0),0) -> 0 | AX82: =IF(AX43,IF(ISERR(SEARCH(AX56,AX69)),1,0),0) -> 0 | AY82: =IF(AY43,IF(ISERR(SEARCH(AY56,AY69)),1,0),0) -> 0 | AZ82: =IF(AZ43,IF(ISERR(SEARCH(AZ56,AZ69)),1,0),0) -> 1 | BA82: =IF(BA43,IF(ISERR(SEARCH(BA56,BA69)),1,0),0) -> 0 | ... BC82: =IF(BC43,IF(ISERR(SEARCH(BC56,BC69)),1,0),0) -> 1
A83: =IF(ISBLANK(CT!A98),"",CT!A98) | U83: =IF($A83="","",SUM(B83:T83)) | V83: =IF($A83="","",SUMIF($B$4:$T$4,">0",$B83:$T83)) | W83: =IF($A83="","",SUMIF($B$5:$T$5,">0",$B83:$T83)) | X83: =IF($A83="","",SUMIF($B$6:$T$6,">0",$B83:$T83)) | Y83: =IF($A83="","",SUMIF($B$7:$T$7,">0",$B83:$T83)) | Z83: =IF($A83="","",SUMIF($B$8:$T$8,">0",$B83:$T83)) | AA83: =IF($A83="","",SUMIF($B$9:$T$9,">0",$B83:$T83)) | AC83: =IF($A83="","",SUM(B83:E83)) | AD83: =IF($A83="","",SUM(G83:J83)) | AE83: =IF($A83="","",SUM(L83:O83)) | AF83: =IF($A83="","",SUM(Q83:T83)) | AG83: =COUNTIF(AC83:AF83,0) -> 0 | AH83: =IF(SUM(AC83:AF83)=0,"None",CONCATENATE(IF(AC83>0,AC$16&",",""),IF(AD83>0,AD$16&",",""),IF(AE83>0,AE$16&",",""),IF(AF83>0,AF$16,""))) -> None | AI83: =IF(AH83<>"",IF(RIGHT(AH83,1)=",",LEFT(AH83,LEN(AH83)-1),AH83),"None") -> None | AJ83: =IF($A83="","",HLOOKUP($AI83,$AD$3:$AR$9,AD$11,FALSE)) | AK83: =IF($A83="","",HLOOKUP($AI83,$AD$3:$AR$9,AE$11,FALSE)) | AL83: =IF($A83="","",HLOOKUP($AI83,$AD$3:$AR$9,AF$11,FALSE)) | AM83: =IF($A83="","",HLOOKUP($AI83,$AD$3:$AR$9,AG$11,FALSE)) | AN83: =IF($A83="","",HLOOKUP($AI83,$AD$3:$AR$9,AH$11,FALSE)) | AO83: =IF($A83="","",HLOOKUP($AI83,$AD$3:$AR$9,AI$11,FALSE)) | AP83: =SUM(AJ83:AO83) -> 0 | AR83: =$AR70 -> 2,4 | AT83: =IF(AT44,IF(ISERR(SEARCH(AT57,AT70)),1,0),0) -> 0 | AU83: =IF(AU44,IF(ISERR(SEARCH(AU57,AU70)),1,0),0) -> 0 | AV83: =IF(AV44,IF(ISERR(SEARCH(AV57,AV70)),1,0),0) -> 0 | AW83: =IF(AW44,IF(ISERR(SEARCH(AW57,AW70)),1,0),0) -> 0 | AX83: =IF(AX44,IF(ISERR(SEARCH(AX57,AX70)),1,0),0) -> 0 | AY83: =IF(AY44,IF(ISERR(SEARCH(AY57,AY70)),1,0),0) -> 0 | AZ83: =IF(AZ44,IF(ISERR(SEARCH(AZ57,AZ70)),1,0),0) -> 1 | BA83: =IF(BA44,IF(ISERR(SEARCH(BA57,BA70)),1,0),0) -> 0 | ... BC83: =IF(BC44,IF(ISERR(SEARCH(BC57,BC70)),1,0),0) -> 0
A84: =IF(ISBLANK(CT!A99),"",CT!A99) | U84: =IF($A84="","",SUM(B84:T84)) | V84: =IF($A84="","",SUMIF($B$4:$T$4,">0",$B84:$T84)) | W84: =IF($A84="","",SUMIF($B$5:$T$5,">0",$B84:$T84)) | X84: =IF($A84="","",SUMIF($B$6:$T$6,">0",$B84:$T84)) | Y84: =IF($A84="","",SUMIF($B$7:$T$7,">0",$B84:$T84)) | Z84: =IF($A84="","",SUMIF($B$8:$T$8,">0",$B84:$T84)) | AA84: =IF($A84="","",SUMIF($B$9:$T$9,">0",$B84:$T84)) | AC84: =IF($A84="","",SUM(B84:E84)) | AD84: =IF($A84="","",SUM(G84:J84)) | AE84: =IF($A84="","",SUM(L84:O84)) | AF84: =IF($A84="","",SUM(Q84:T84)) | AG84: =COUNTIF(AC84:AF84,0) -> 0 | AH84: =IF(SUM(AC84:AF84)=0,"None",CONCATENATE(IF(AC84>0,AC$16&",",""),IF(AD84>0,AD$16&",",""),IF(AE84>0,AE$16&",",""),IF(AF84>0,AF$16,""))) -> None | AI84: =IF(AH84<>"",IF(RIGHT(AH84,1)=",",LEFT(AH84,LEN(AH84)-1),AH84),"None") -> None | AJ84: =IF($A84="","",HLOOKUP($AI84,$AD$3:$AR$9,AD$11,FALSE)) | AK84: =IF($A84="","",HLOOKUP($AI84,$AD$3:$AR$9,AE$11,FALSE)) | AL84: =IF($A84="","",HLOOKUP($AI84,$AD$3:$AR$9,AF$11,FALSE)) | AM84: =IF($A84="","",HLOOKUP($AI84,$AD$3:$AR$9,AG$11,FALSE)) | AN84: =IF($A84="","",HLOOKUP($AI84,$AD$3:$AR$9,AH$11,FALSE)) | AO84: =IF($A84="","",HLOOKUP($AI84,$AD$3:$AR$9,AI$11,FALSE)) | AP84: =SUM(AJ84:AO84) -> 0 | AR84: =$AR71 -> 3,4 | AT84: =IF(AT45,IF(ISERR(SEARCH(AT58,AT71)),1,0),0) -> 0 | AU84: =IF(AU45,IF(ISERR(SEARCH(AU58,AU71)),1,0),0) -> 0 | AV84: =IF(AV45,IF(ISERR(SEARCH(AV58,AV71)),1,0),0) -> 0 | AW84: =IF(AW45,IF(ISERR(SEARCH(AW58,AW71)),1,0),0) -> 0 | AX84: =IF(AX45,IF(ISERR(SEARCH(AX58,AX71)),1,0),0) -> 0 | AY84: =IF(AY45,IF(ISERR(SEARCH(AY58,AY71)),1,0),0) -> 0 | AZ84: =IF(AZ45,IF(ISERR(SEARCH(AZ58,AZ71)),1,0),0) -> 1 | BA84: =IF(BA45,IF(ISERR(SEARCH(BA58,BA71)),1,0),0) -> 1 | ... BC84: =IF(BC45,IF(ISERR(SEARCH(BC58,BC71)),1,0),0) -> 0
A85: =IF(ISBLANK(CT!A100),"",CT!A100) | U85: =IF($A85="","",SUM(B85:T85)) | V85: =IF($A85="","",SUMIF($B$4:$T$4,">0",$B85:$T85)) | W85: =IF($A85="","",SUMIF($B$5:$T$5,">0",$B85:$T85)) | X85: =IF($A85="","",SUMIF($B$6:$T$6,">0",$B85:$T85)) | Y85: =IF($A85="","",SUMIF($B$7:$T$7,">0",$B85:$T85)) | Z85: =IF($A85="","",SUMIF($B$8:$T$8,">0",$B85:$T85)) | AA85: =IF($A85="","",SUMIF($B$9:$T$9,">0",$B85:$T85)) | AC85: =IF($A85="","",SUM(B85:E85)) | AD85: =IF($A85="","",SUM(G85:J85)) | AE85: =IF($A85="","",SUM(L85:O85)) | AF85: =IF($A85="","",SUM(Q85:T85)) | AG85: =COUNTIF(AC85:AF85,0) -> 0 | AH85: =IF(SUM(AC85:AF85)=0,"None",CONCATENATE(IF(AC85>0,AC$16&",",""),IF(AD85>0,AD$16&",",""),IF(AE85>0,AE$16&",",""),IF(AF85>0,AF$16,""))) -> None | AI85: =IF(AH85<>"",IF(RIGHT(AH85,1)=",",LEFT(AH85,LEN(AH85)-1),AH85),"None") -> None | AJ85: =IF($A85="","",HLOOKUP($AI85,$AD$3:$AR$9,AD$11,FALSE)) | AK85: =IF($A85="","",HLOOKUP($AI85,$AD$3:$AR$9,AE$11,FALSE)) | AL85: =IF($A85="","",HLOOKUP($AI85,$AD$3:$AR$9,AF$11,FALSE)) | AM85: =IF($A85="","",HLOOKUP($AI85,$AD$3:$AR$9,AG$11,FALSE)) | AN85: =IF($A85="","",HLOOKUP($AI85,$AD$3:$AR$9,AH$11,FALSE)) | AO85: =IF($A85="","",HLOOKUP($AI85,$AD$3:$AR$9,AI$11,FALSE)) | AP85: =SUM(AJ85:AO85) -> 0 | AR85: =$AR72 -> 1 | AT85: =IF(AT46,IF(ISERR(SEARCH(AT59,AT72)),1,0),0) -> 0 | AU85: =IF(AU46,IF(ISERR(SEARCH(AU59,AU72)),1,0),0) -> 0 | AV85: =IF(AV46,IF(ISERR(SEARCH(AV59,AV72)),1,0),0) -> 0 | AW85: =IF(AW46,IF(ISERR(SEARCH(AW59,AW72)),1,0),0) -> 1 | AX85: =IF(AX46,IF(ISERR(SEARCH(AX59,AX72)),1,0),0) -> 1 | AY85: =IF(AY46,IF(ISERR(SEARCH(AY59,AY72)),1,0),0) -> 1 | AZ85: =IF(AZ46,IF(ISERR(SEARCH(AZ59,AZ72)),1,0),0) -> 0 | BA85: =IF(BA46,IF(ISERR(SEARCH(BA59,BA72)),1,0),0) -> 0 | ... BC85: =IF(BC46,IF(ISERR(SEARCH(BC59,BC72)),1,0),0) -> 0
A86: =IF(ISBLANK(CT!A101),"",CT!A101) | U86: =IF($A86="","",SUM(B86:T86)) | V86: =IF($A86="","",SUMIF($B$4:$T$4,">0",$B86:$T86)) | W86: =IF($A86="","",SUMIF($B$5:$T$5,">0",$B86:$T86)) | X86: =IF($A86="","",SUMIF($B$6:$T$6,">0",$B86:$T86)) | Y86: =IF($A86="","",SUMIF($B$7:$T$7,">0",$B86:$T86)) | Z86: =IF($A86="","",SUMIF($B$8:$T$8,">0",$B86:$T86)) | AA86: =IF($A86="","",SUMIF($B$9:$T$9,">0",$B86:$T86)) | AC86: =IF($A86="","",SUM(B86:E86)) | AD86: =IF($A86="","",SUM(G86:J86)) | AE86: =IF($A86="","",SUM(L86:O86)) | AF86: =IF($A86="","",SUM(Q86:T86)) | AG86: =COUNTIF(AC86:AF86,0) -> 0 | AH86: =IF(SUM(AC86:AF86)=0,"None",CONCATENATE(IF(AC86>0,AC$16&",",""),IF(AD86>0,AD$16&",",""),IF(AE86>0,AE$16&",",""),IF(AF86>0,AF$16,""))) -> None | AI86: =IF(AH86<>"",IF(RIGHT(AH86,1)=",",LEFT(AH86,LEN(AH86)-1),AH86),"None") -> None | AJ86: =IF($A86="","",HLOOKUP($AI86,$AD$3:$AR$9,AD$11,FALSE)) | AK86: =IF($A86="","",HLOOKUP($AI86,$AD$3:$AR$9,AE$11,FALSE)) | AL86: =IF($A86="","",HLOOKUP($AI86,$AD$3:$AR$9,AF$11,FALSE)) | AM86: =IF($A86="","",HLOOKUP($AI86,$AD$3:$AR$9,AG$11,FALSE)) | AN86: =IF($A86="","",HLOOKUP($AI86,$AD$3:$AR$9,AH$11,FALSE)) | AO86: =IF($A86="","",HLOOKUP($AI86,$AD$3:$AR$9,AI$11,FALSE)) | AP86: =SUM(AJ86:AO86) -> 0 | AR86: =$AR73 -> 2 | AT86: =IF(AT47,IF(ISERR(SEARCH(AT60,AT73)),1,0),0) -> 0 | AU86: =IF(AU47,IF(ISERR(SEARCH(AU60,AU73)),1,0),0) -> 1 | AV86: =IF(AV47,IF(ISERR(SEARCH(AV60,AV73)),1,0),0) -> 1 | AW86: =IF(AW47,IF(ISERR(SEARCH(AW60,AW73)),1,0),0) -> 0 | AX86: =IF(AX47,IF(ISERR(SEARCH(AX60,AX73)),1,0),0) -> 0 | AY86: =IF(AY47,IF(ISERR(SEARCH(AY60,AY73)),1,0),0) -> 1 | AZ86: =IF(AZ47,IF(ISERR(SEARCH(AZ60,AZ73)),1,0),0) -> 0 | BA86: =IF(BA47,IF(ISERR(SEARCH(BA60,BA73)),1,0),0) -> 0 | ... BC86: =IF(BC47,IF(ISERR(SEARCH(BC60,BC73)),1,0),0) -> 0
A87: =IF(ISBLANK(CT!A102),"",CT!A102) | U87: =IF($A87="","",SUM(B87:T87)) | V87: =IF($A87="","",SUMIF($B$4:$T$4,">0",$B87:$T87)) | W87: =IF($A87="","",SUMIF($B$5:$T$5,">0",$B87:$T87)) | X87: =IF($A87="","",SUMIF($B$6:$T$6,">0",$B87:$T87)) | Y87: =IF($A87="","",SUMIF($B$7:$T$7,">0",$B87:$T87)) | Z87: =IF($A87="","",SUMIF($B$8:$T$8,">0",$B87:$T87)) | AA87: =IF($A87="","",SUMIF($B$9:$T$9,">0",$B87:$T87)) | AC87: =IF($A87="","",SUM(B87:E87)) | AD87: =IF($A87="","",SUM(G87:J87)) | AE87: =IF($A87="","",SUM(L87:O87)) | AF87: =IF($A87="","",SUM(Q87:T87)) | AG87: =COUNTIF(AC87:AF87,0) -> 0 | AH87: =IF(SUM(AC87:AF87)=0,"None",CONCATENATE(IF(AC87>0,AC$16&",",""),IF(AD87>0,AD$16&",",""),IF(AE87>0,AE$16&",",""),IF(AF87>0,AF$16,""))) -> None | AI87: =IF(AH87<>"",IF(RIGHT(AH87,1)=",",LEFT(AH87,LEN(AH87)-1),AH87),"None") -> None | AJ87: =IF($A87="","",HLOOKUP($AI87,$AD$3:$AR$9,AD$11,FALSE)) | AK87: =IF($A87="","",HLOOKUP($AI87,$AD$3:$AR$9,AE$11,FALSE)) | AL87: =IF($A87="","",HLOOKUP($AI87,$AD$3:$AR$9,AF$11,FALSE)) | AM87: =IF($A87="","",HLOOKUP($AI87,$AD$3:$AR$9,AG$11,FALSE)) | AN87: =IF($A87="","",HLOOKUP($AI87,$AD$3:$AR$9,AH$11,FALSE)) | AO87: =IF($A87="","",HLOOKUP($AI87,$AD$3:$AR$9,AI$11,FALSE)) | AP87: =SUM(AJ87:AO87) -> 0 | AR87: =$AR74 -> 3 | AT87: =IF(AT48,IF(ISERR(SEARCH(AT61,AT74)),1,0),0) -> 1 | AU87: =IF(AU48,IF(ISERR(SEARCH(AU61,AU74)),1,0),0) -> 0 | AV87: =IF(AV48,IF(ISERR(SEARCH(AV61,AV74)),1,0),0) -> 1 | AW87: =IF(AW48,IF(ISERR(SEARCH(AW61,AW74)),1,0),0) -> 0 | AX87: =IF(AX48,IF(ISERR(SEARCH(AX61,AX74)),1,0),0) -> 1 | AY87: =IF(AY48,IF(ISERR(SEARCH(AY61,AY74)),1,0),0) -> 0 | AZ87: =IF(AZ48,IF(ISERR(SEARCH(AZ61,AZ74)),1,0),0) -> 0 | BA87: =IF(BA48,IF(ISERR(SEARCH(BA61,BA74)),1,0),0) -> 0 | ... BC87: =IF(BC48,IF(ISERR(SEARCH(BC61,BC74)),1,0),0) -> 0
A88: =IF(ISBLANK(CT!A103),"",CT!A103) | U88: =IF($A88="","",SUM(B88:T88)) | V88: =IF($A88="","",SUMIF($B$4:$T$4,">0",$B88:$T88)) | W88: =IF($A88="","",SUMIF($B$5:$T$5,">0",$B88:$T88)) | X88: =IF($A88="","",SUMIF($B$6:$T$6,">0",$B88:$T88)) | Y88: =IF($A88="","",SUMIF($B$7:$T$7,">0",$B88:$T88)) | Z88: =IF($A88="","",SUMIF($B$8:$T$8,">0",$B88:$T88)) | AA88: =IF($A88="","",SUMIF($B$9:$T$9,">0",$B88:$T88)) | AC88: =IF($A88="","",SUM(B88:E88)) | AD88: =IF($A88="","",SUM(G88:J88)) | AE88: =IF($A88="","",SUM(L88:O88)) | AF88: =IF($A88="","",SUM(Q88:T88)) | AG88: =COUNTIF(AC88:AF88,0) -> 0 | AH88: =IF(SUM(AC88:AF88)=0,"None",CONCATENATE(IF(AC88>0,AC$16&",",""),IF(AD88>0,AD$16&",",""),IF(AE88>0,AE$16&",",""),IF(AF88>0,AF$16,""))) -> None | AI88: =IF(AH88<>"",IF(RIGHT(AH88,1)=",",LEFT(AH88,LEN(AH88)-1),AH88),"None") -> None | AJ88: =IF($A88="","",HLOOKUP($AI88,$AD$3:$AR$9,AD$11,FALSE)) | AK88: =IF($A88="","",HLOOKUP($AI88,$AD$3:$AR$9,AE$11,FALSE)) | AL88: =IF($A88="","",HLOOKUP($AI88,$AD$3:$AR$9,AF$11,FALSE)) | AM88: =IF($A88="","",HLOOKUP($AI88,$AD$3:$AR$9,AG$11,FALSE)) | AN88: =IF($A88="","",HLOOKUP($AI88,$AD$3:$AR$9,AH$11,FALSE)) | AO88: =IF($A88="","",HLOOKUP($AI88,$AD$3:$AR$9,AI$11,FALSE)) | AP88: =SUM(AJ88:AO88) -> 0 | AR88: =$AR75 -> 4 | AT88: =IF(AT49,IF(ISERR(SEARCH(AT62,AT75)),1,0),0) -> 1 | AU88: =IF(AU49,IF(ISERR(SEARCH(AU62,AU75)),1,0),0) -> 1 | AV88: =IF(AV49,IF(ISERR(SEARCH(AV62,AV75)),1,0),0) -> 0 | AW88: =IF(AW49,IF(ISERR(SEARCH(AW62,AW75)),1,0),0) -> 1 | AX88: =IF(AX49,IF(ISERR(SEARCH(AX62,AX75)),1,0),0) -> 0 | AY88: =IF(AY49,IF(ISERR(SEARCH(AY62,AY75)),1,0),0) -> 0 | AZ88: =IF(AZ49,IF(ISERR(SEARCH(AZ62,AZ75)),1,0),0) -> 0 | BA88: =IF(BA49,IF(ISERR(SEARCH(BA62,BA75)),1,0),0) -> 0 | ... BC88: =IF(BC49,IF(ISERR(SEARCH(BC62,BC75)),1,0),0) -> 0
A89: =IF(ISBLANK(CT!A104),"",CT!A104) | U89: =IF($A89="","",SUM(B89:T89)) | V89: =IF($A89="","",SUMIF($B$4:$T$4,">0",$B89:$T89)) | W89: =IF($A89="","",SUMIF($B$5:$T$5,">0",$B89:$T89)) | X89: =IF($A89="","",SUMIF($B$6:$T$6,">0",$B89:$T89)) | Y89: =IF($A89="","",SUMIF($B$7:$T$7,">0",$B89:$T89)) | Z89: =IF($A89="","",SUMIF($B$8:$T$8,">0",$B89:$T89)) | AA89: =IF($A89="","",SUMIF($B$9:$T$9,">0",$B89:$T89)) | AC89: =IF($A89="","",SUM(B89:E89)) | AD89: =IF($A89="","",SUM(G89:J89)) | AE89: =IF($A89="","",SUM(L89:O89)) | AF89: =IF($A89="","",SUM(Q89:T89)) | AG89: =COUNTIF(AC89:AF89,0) -> 0 | AH89: =IF(SUM(AC89:AF89)=0,"None",CONCATENATE(IF(AC89>0,AC$16&",",""),IF(AD89>0,AD$16&",",""),IF(AE89>0,AE$16&",",""),IF(AF89>0,AF$16,""))) -> None | AI89: =IF(AH89<>"",IF(RIGHT(AH89,1)=",",LEFT(AH89,LEN(AH89)-1),AH89),"None") -> None | AJ89: =IF($A89="","",HLOOKUP($AI89,$AD$3:$AR$9,AD$11,FALSE)) | AK89: =IF($A89="","",HLOOKUP($AI89,$AD$3:$AR$9,AE$11,FALSE)) | AL89: =IF($A89="","",HLOOKUP($AI89,$AD$3:$AR$9,AF$11,FALSE)) | AM89: =IF($A89="","",HLOOKUP($AI89,$AD$3:$AR$9,AG$11,FALSE)) | AN89: =IF($A89="","",HLOOKUP($AI89,$AD$3:$AR$9,AH$11,FALSE)) | AO89: =IF($A89="","",HLOOKUP($AI89,$AD$3:$AR$9,AI$11,FALSE)) | AP89: =SUM(AJ89:AO89) -> 0
A90: =IF(ISBLANK(CT!A105),"",CT!A105) | U90: =IF($A90="","",SUM(B90:T90)) | V90: =IF($A90="","",SUMIF($B$4:$T$4,">0",$B90:$T90)) | W90: =IF($A90="","",SUMIF($B$5:$T$5,">0",$B90:$T90)) | X90: =IF($A90="","",SUMIF($B$6:$T$6,">0",$B90:$T90)) | Y90: =IF($A90="","",SUMIF($B$7:$T$7,">0",$B90:$T90)) | Z90: =IF($A90="","",SUMIF($B$8:$T$8,">0",$B90:$T90)) | AA90: =IF($A90="","",SUMIF($B$9:$T$9,">0",$B90:$T90)) | AC90: =IF($A90="","",SUM(B90:E90)) | AD90: =IF($A90="","",SUM(G90:J90)) | AE90: =IF($A90="","",SUM(L90:O90)) | AF90: =IF($A90="","",SUM(Q90:T90)) | AG90: =COUNTIF(AC90:AF90,0) -> 0 | AH90: =IF(SUM(AC90:AF90)=0,"None",CONCATENATE(IF(AC90>0,AC$16&",",""),IF(AD90>0,AD$16&",",""),IF(AE90>0,AE$16&",",""),IF(AF90>0,AF$16,""))) -> None | AI90: =IF(AH90<>"",IF(RIGHT(AH90,1)=",",LEFT(AH90,LEN(AH90)-1),AH90),"None") -> None | AJ90: =IF($A90="","",HLOOKUP($AI90,$AD$3:$AR$9,AD$11,FALSE)) | AK90: =IF($A90="","",HLOOKUP($AI90,$AD$3:$AR$9,AE$11,FALSE)) | AL90: =IF($A90="","",HLOOKUP($AI90,$AD$3:$AR$9,AF$11,FALSE)) | AM90: =IF($A90="","",HLOOKUP($AI90,$AD$3:$AR$9,AG$11,FALSE)) | AN90: =IF($A90="","",HLOOKUP($AI90,$AD$3:$AR$9,AH$11,FALSE)) | AO90: =IF($A90="","",HLOOKUP($AI90,$AD$3:$AR$9,AI$11,FALSE)) | AP90: =SUM(AJ90:AO90) -> 0 | AT90: 1 | AU90: 2 | AV90: 3 | AW90: 4 | AX90: 5 | AY90: 6 | AZ90: 7 | BA90: 8 | BB90: 9 | BC90: 10
A91: =IF(ISBLANK(CT!A106),"",CT!A106) | U91: =IF($A91="","",SUM(B91:T91)) | V91: =IF($A91="","",SUMIF($B$4:$T$4,">0",$B91:$T91)) | W91: =IF($A91="","",SUMIF($B$5:$T$5,">0",$B91:$T91)) | X91: =IF($A91="","",SUMIF($B$6:$T$6,">0",$B91:$T91)) | Y91: =IF($A91="","",SUMIF($B$7:$T$7,">0",$B91:$T91)) | Z91: =IF($A91="","",SUMIF($B$8:$T$8,">0",$B91:$T91)) | AA91: =IF($A91="","",SUMIF($B$9:$T$9,">0",$B91:$T91)) | AC91: =IF($A91="","",SUM(B91:E91)) | AD91: =IF($A91="","",SUM(G91:J91)) | AE91: =IF($A91="","",SUM(L91:O91)) | AF91: =IF($A91="","",SUM(Q91:T91)) | AG91: =COUNTIF(AC91:AF91,0) -> 0 | AH91: =IF(SUM(AC91:AF91)=0,"None",CONCATENATE(IF(AC91>0,AC$16&",",""),IF(AD91>0,AD$16&",",""),IF(AE91>0,AE$16&",",""),IF(AF91>0,AF$16,""))) -> None | AI91: =IF(AH91<>"",IF(RIGHT(AH91,1)=",",LEFT(AH91,LEN(AH91)-1),AH91),"None") -> None | AJ91: =IF($A91="","",HLOOKUP($AI91,$AD$3:$AR$9,AD$11,FALSE)) | AK91: =IF($A91="","",HLOOKUP($AI91,$AD$3:$AR$9,AE$11,FALSE)) | AL91: =IF($A91="","",HLOOKUP($AI91,$AD$3:$AR$9,AF$11,FALSE)) | AM91: =IF($A91="","",HLOOKUP($AI91,$AD$3:$AR$9,AG$11,FALSE)) | AN91: =IF($A91="","",HLOOKUP($AI91,$AD$3:$AR$9,AH$11,FALSE)) | AO91: =IF($A91="","",HLOOKUP($AI91,$AD$3:$AR$9,AI$11,FALSE)) | AP91: =SUM(AJ91:AO91) -> 0 | AT91: =AT$3 -> 1,2 | AU91: =AU$3 -> 1,3 | AV91: =AV$3 -> 1,4 | AW91: =AW$3 -> 2,3 | AX91: =AX$3 -> 2,4 | AY91: =AY$3 -> 3,4 | AZ91: =AZ$3 -> 1 | BA91: =BA$3 -> 2 | ... BC91: =BC$3 -> 4 | BE91: Min | BF91: Indx | BG91: Comb
A92: =IF(ISBLANK(CT!A107),"",CT!A107) | U92: =IF($A92="","",SUM(B92:T92)) | V92: =IF($A92="","",SUMIF($B$4:$T$4,">0",$B92:$T92)) | W92: =IF($A92="","",SUMIF($B$5:$T$5,">0",$B92:$T92)) | X92: =IF($A92="","",SUMIF($B$6:$T$6,">0",$B92:$T92)) | Y92: =IF($A92="","",SUMIF($B$7:$T$7,">0",$B92:$T92)) | Z92: =IF($A92="","",SUMIF($B$8:$T$8,">0",$B92:$T92)) | AA92: =IF($A92="","",SUMIF($B$9:$T$9,">0",$B92:$T92)) | AC92: =IF($A92="","",SUM(B92:E92)) | AD92: =IF($A92="","",SUM(G92:J92)) | AE92: =IF($A92="","",SUM(L92:O92)) | AF92: =IF($A92="","",SUM(Q92:T92)) | AG92: =COUNTIF(AC92:AF92,0) -> 0 | AH92: =IF(SUM(AC92:AF92)=0,"None",CONCATENATE(IF(AC92>0,AC$16&",",""),IF(AD92>0,AD$16&",",""),IF(AE92>0,AE$16&",",""),IF(AF92>0,AF$16,""))) -> None | AI92: =IF(AH92<>"",IF(RIGHT(AH92,1)=",",LEFT(AH92,LEN(AH92)-1),AH92),"None") -> None | AJ92: =IF($A92="","",HLOOKUP($AI92,$AD$3:$AR$9,AD$11,FALSE)) | AK92: =IF($A92="","",HLOOKUP($AI92,$AD$3:$AR$9,AE$11,FALSE)) | AL92: =IF($A92="","",HLOOKUP($AI92,$AD$3:$AR$9,AF$11,FALSE)) | AM92: =IF($A92="","",HLOOKUP($AI92,$AD$3:$AR$9,AG$11,FALSE)) | AN92: =IF($A92="","",HLOOKUP($AI92,$AD$3:$AR$9,AH$11,FALSE)) | AO92: =IF($A92="","",HLOOKUP($AI92,$AD$3:$AR$9,AI$11,FALSE)) | AP92: =SUM(AJ92:AO92) -> 0 | AR92: =$AR79 -> 1,2 | AT92: =AT79*AT27 -> #DIV/0! | AU92: =AU79*AU27 -> #DIV/0! | AV92: =AV79*AV27 -> #DIV/0! | AW92: =AW79*AW27 -> #DIV/0! | AX92: =AX79*AX27 -> #DIV/0! | AY92: =AY79*AY27 -> #DIV/0! | AZ92: =AZ79*AZ27 -> #DIV/0! | BA92: =BA79*BA27 -> #DIV/0! | ... BC92: =BC79*BC27 -> #DIV/0! | BE92: {=MIN(IF(AT92:BC92>0,AT92:BC92))} -> #DIV/0! | BF92: =MATCH(BE92,AT92:BC92,) -> #DIV/0! | BG92: =LOOKUP(BF92,$AT$90:$BC$90,$AT$91:$BC$91) -> #DIV/0!
A93: =IF(ISBLANK(CT!A108),"",CT!A108) | U93: =IF($A93="","",SUM(B93:T93)) | V93: =IF($A93="","",SUMIF($B$4:$T$4,">0",$B93:$T93)) | W93: =IF($A93="","",SUMIF($B$5:$T$5,">0",$B93:$T93)) | X93: =IF($A93="","",SUMIF($B$6:$T$6,">0",$B93:$T93)) | Y93: =IF($A93="","",SUMIF($B$7:$T$7,">0",$B93:$T93)) | Z93: =IF($A93="","",SUMIF($B$8:$T$8,">0",$B93:$T93)) | AA93: =IF($A93="","",SUMIF($B$9:$T$9,">0",$B93:$T93)) | AC93: =IF($A93="","",SUM(B93:E93)) | AD93: =IF($A93="","",SUM(G93:J93)) | AE93: =IF($A93="","",SUM(L93:O93)) | AF93: =IF($A93="","",SUM(Q93:T93)) | AG93: =COUNTIF(AC93:AF93,0) -> 0 | AH93: =IF(SUM(AC93:AF93)=0,"None",CONCATENATE(IF(AC93>0,AC$16&",",""),IF(AD93>0,AD$16&",",""),IF(AE93>0,AE$16&",",""),IF(AF93>0,AF$16,""))) -> None | AI93: =IF(AH93<>"",IF(RIGHT(AH93,1)=",",LEFT(AH93,LEN(AH93)-1),AH93),"None") -> None | AJ93: =IF($A93="","",HLOOKUP($AI93,$AD$3:$AR$9,AD$11,FALSE)) | AK93: =IF($A93="","",HLOOKUP($AI93,$AD$3:$AR$9,AE$11,FALSE)) | AL93: =IF($A93="","",HLOOKUP($AI93,$AD$3:$AR$9,AF$11,FALSE)) | AM93: =IF($A93="","",HLOOKUP($AI93,$AD$3:$AR$9,AG$11,FALSE)) | AN93: =IF($A93="","",HLOOKUP($AI93,$AD$3:$AR$9,AH$11,FALSE)) | AO93: =IF($A93="","",HLOOKUP($AI93,$AD$3:$AR$9,AI$11,FALSE)) | AP93: =SUM(AJ93:AO93) -> 0 | AR93: =$AR80 -> 1,3 | AT93: =AT80*AT28 -> #DIV/0! | AU93: =AU80*AU28 -> #DIV/0! | AV93: =AV80*AV28 -> #DIV/0! | AW93: =AW80*AW28 -> #DIV/0! | AX93: =AX80*AX28 -> #DIV/0! | AY93: =AY80*AY28 -> #DIV/0! | AZ93: =AZ80*AZ28 -> #DIV/0! | BA93: =BA80*BA28 -> #DIV/0! | ... BC93: =BC80*BC28 -> #DIV/0! | BE93: {=MIN(IF(AT93:BC93>0,AT93:BC93))} -> #DIV/0! | BF93: =MATCH(BE93,AT93:BC93,) -> #DIV/0! | BG93: =LOOKUP(BF93,$AT$90:$BC$90,$AT$91:$BC$91) -> #DIV/0!
A94: =IF(ISBLANK(CT!A109),"",CT!A109) | U94: =IF($A94="","",SUM(B94:T94)) | V94: =IF($A94="","",SUMIF($B$4:$T$4,">0",$B94:$T94)) | W94: =IF($A94="","",SUMIF($B$5:$T$5,">0",$B94:$T94)) | X94: =IF($A94="","",SUMIF($B$6:$T$6,">0",$B94:$T94)) | Y94: =IF($A94="","",SUMIF($B$7:$T$7,">0",$B94:$T94)) | Z94: =IF($A94="","",SUMIF($B$8:$T$8,">0",$B94:$T94)) | AA94: =IF($A94="","",SUMIF($B$9:$T$9,">0",$B94:$T94)) | AC94: =IF($A94="","",SUM(B94:E94)) | AD94: =IF($A94="","",SUM(G94:J94)) | AE94: =IF($A94="","",SUM(L94:O94)) | AF94: =IF($A94="","",SUM(Q94:T94)) | AG94: =COUNTIF(AC94:AF94,0) -> 0 | AH94: =IF(SUM(AC94:AF94)=0,"None",CONCATENATE(IF(AC94>0,AC$16&",",""),IF(AD94>0,AD$16&",",""),IF(AE94>0,AE$16&",",""),IF(AF94>0,AF$16,""))) -> None | AI94: =IF(AH94<>"",IF(RIGHT(AH94,1)=",",LEFT(AH94,LEN(AH94)-1),AH94),"None") -> None | AJ94: =IF($A94="","",HLOOKUP($AI94,$AD$3:$AR$9,AD$11,FALSE)) | AK94: =IF($A94="","",HLOOKUP($AI94,$AD$3:$AR$9,AE$11,FALSE)) | AL94: =IF($A94="","",HLOOKUP($AI94,$AD$3:$AR$9,AF$11,FALSE)) | AM94: =IF($A94="","",HLOOKUP($AI94,$AD$3:$AR$9,AG$11,FALSE)) | AN94: =IF($A94="","",HLOOKUP($AI94,$AD$3:$AR$9,AH$11,FALSE)) | AO94: =IF($A94="","",HLOOKUP($AI94,$AD$3:$AR$9,AI$11,FALSE)) | AP94: =SUM(AJ94:AO94) -> 0 | AR94: =$AR81 -> 1,4 | AT94: =AT81*AT29 -> #DIV/0! | AU94: =AU81*AU29 -> #DIV/0! | AV94: =AV81*AV29 -> #DIV/0! | AW94: =AW81*AW29 -> #DIV/0! | AX94: =AX81*AX29 -> #DIV/0! | AY94: =AY81*AY29 -> #DIV/0! | AZ94: =AZ81*AZ29 -> #DIV/0! | BA94: =BA81*BA29 -> #DIV/0! | ... BC94: =BC81*BC29 -> #DIV/0! | BE94: {=MIN(IF(AT94:BC94>0,AT94:BC94))} -> #DIV/0! | BF94: =MATCH(BE94,AT94:BC94,) -> #DIV/0! | BG94: =LOOKUP(BF94,$AT$90:$BC$90,$AT$91:$BC$91) -> #DIV/0!
A95: =IF(ISBLANK(CT!A110),"",CT!A110) | U95: =IF($A95="","",SUM(B95:T95)) | V95: =IF($A95="","",SUMIF($B$4:$T$4,">0",$B95:$T95)) | W95: =IF($A95="","",SUMIF($B$5:$T$5,">0",$B95:$T95)) | X95: =IF($A95="","",SUMIF($B$6:$T$6,">0",$B95:$T95)) | Y95: =IF($A95="","",SUMIF($B$7:$T$7,">0",$B95:$T95)) | Z95: =IF($A95="","",SUMIF($B$8:$T$8,">0",$B95:$T95)) | AA95: =IF($A95="","",SUMIF($B$9:$T$9,">0",$B95:$T95)) | AC95: =IF($A95="","",SUM(B95:E95)) | AD95: =IF($A95="","",SUM(G95:J95)) | AE95: =IF($A95="","",SUM(L95:O95)) | AF95: =IF($A95="","",SUM(Q95:T95)) | AG95: =COUNTIF(AC95:AF95,0) -> 0 | AH95: =IF(SUM(AC95:AF95)=0,"None",CONCATENATE(IF(AC95>0,AC$16&",",""),IF(AD95>0,AD$16&",",""),IF(AE95>0,AE$16&",",""),IF(AF95>0,AF$16,""))) -> None | AI95: =IF(AH95<>"",IF(RIGHT(AH95,1)=",",LEFT(AH95,LEN(AH95)-1),AH95),"None") -> None | AJ95: =IF($A95="","",HLOOKUP($AI95,$AD$3:$AR$9,AD$11,FALSE)) | AK95: =IF($A95="","",HLOOKUP($AI95,$AD$3:$AR$9,AE$11,FALSE)) | AL95: =IF($A95="","",HLOOKUP($AI95,$AD$3:$AR$9,AF$11,FALSE)) | AM95: =IF($A95="","",HLOOKUP($AI95,$AD$3:$AR$9,AG$11,FALSE)) | AN95: =IF($A95="","",HLOOKUP($AI95,$AD$3:$AR$9,AH$11,FALSE)) | AO95: =IF($A95="","",HLOOKUP($AI95,$AD$3:$AR$9,AI$11,FALSE)) | AP95: =SUM(AJ95:AO95) -> 0 | AR95: =$AR82 -> 2,3 | AT95: =AT82*AT30 -> #DIV/0! | AU95: =AU82*AU30 -> #DIV/0! | AV95: =AV82*AV30 -> #DIV/0! | AW95: =AW82*AW30 -> #DIV/0! | AX95: =AX82*AX30 -> #DIV/0! | AY95: =AY82*AY30 -> #DIV/0! | AZ95: =AZ82*AZ30 -> #DIV/0! | BA95: =BA82*BA30 -> #DIV/0! | ... BC95: =BC82*BC30 -> #DIV/0! | BE95: {=MIN(IF(AT95:BC95>0,AT95:BC95))} -> #DIV/0! | BF95: =MATCH(BE95,AT95:BC95,) -> #DIV/0! | BG95: =LOOKUP(BF95,$AT$90:$BC$90,$AT$91:$BC$91) -> #DIV/0!
A96: =IF(ISBLANK(CT!A111),"",CT!A111) | U96: =IF($A96="","",SUM(B96:T96)) | V96: =IF($A96="","",SUMIF($B$4:$T$4,">0",$B96:$T96)) | W96: =IF($A96="","",SUMIF($B$5:$T$5,">0",$B96:$T96)) | X96: =IF($A96="","",SUMIF($B$6:$T$6,">0",$B96:$T96)) | Y96: =IF($A96="","",SUMIF($B$7:$T$7,">0",$B96:$T96)) | Z96: =IF($A96="","",SUMIF($B$8:$T$8,">0",$B96:$T96)) | AA96: =IF($A96="","",SUMIF($B$9:$T$9,">0",$B96:$T96)) | AC96: =IF($A96="","",SUM(B96:E96)) | AD96: =IF($A96="","",SUM(G96:J96)) | AE96: =IF($A96="","",SUM(L96:O96)) | AF96: =IF($A96="","",SUM(Q96:T96)) | AG96: =COUNTIF(AC96:AF96,0) -> 0 | AH96: =IF(SUM(AC96:AF96)=0,"None",CONCATENATE(IF(AC96>0,AC$16&",",""),IF(AD96>0,AD$16&",",""),IF(AE96>0,AE$16&",",""),IF(AF96>0,AF$16,""))) -> None | AI96: =IF(AH96<>"",IF(RIGHT(AH96,1)=",",LEFT(AH96,LEN(AH96)-1),AH96),"None") -> None | AJ96: =IF($A96="","",HLOOKUP($AI96,$AD$3:$AR$9,AD$11,FALSE)) | AK96: =IF($A96="","",HLOOKUP($AI96,$AD$3:$AR$9,AE$11,FALSE)) | AL96: =IF($A96="","",HLOOKUP($AI96,$AD$3:$AR$9,AF$11,FALSE)) | AM96: =IF($A96="","",HLOOKUP($AI96,$AD$3:$AR$9,AG$11,FALSE)) | AN96: =IF($A96="","",HLOOKUP($AI96,$AD$3:$AR$9,AH$11,FALSE)) | AO96: =IF($A96="","",HLOOKUP($AI96,$AD$3:$AR$9,AI$11,FALSE)) | AP96: =SUM(AJ96:AO96) -> 0 | AR96: =$AR83 -> 2,4 | AT96: =AT83*AT31 -> #DIV/0! | AU96: =AU83*AU31 -> #DIV/0! | AV96: =AV83*AV31 -> #DIV/0! | AW96: =AW83*AW31 -> #DIV/0! | AX96: =AX83*AX31 -> #DIV/0! | AY96: =AY83*AY31 -> #DIV/0! | AZ96: =AZ83*AZ31 -> #DIV/0! | BA96: =BA83*BA31 -> #DIV/0! | ... BC96: =BC83*BC31 -> #DIV/0! | BE96: {=MIN(IF(AT96:BC96>0,AT96:BC96))} -> #DIV/0! | BF96: =MATCH(BE96,AT96:BC96,) -> #DIV/0! | BG96: =LOOKUP(BF96,$AT$90:$BC$90,$AT$91:$BC$91) -> #DIV/0!
A97: =IF(ISBLANK(CT!A112),"",CT!A112) | U97: =IF($A97="","",SUM(B97:T97)) | V97: =IF($A97="","",SUMIF($B$4:$T$4,">0",$B97:$T97)) | W97: =IF($A97="","",SUMIF($B$5:$T$5,">0",$B97:$T97)) | X97: =IF($A97="","",SUMIF($B$6:$T$6,">0",$B97:$T97)) | Y97: =IF($A97="","",SUMIF($B$7:$T$7,">0",$B97:$T97)) | Z97: =IF($A97="","",SUMIF($B$8:$T$8,">0",$B97:$T97)) | AA97: =IF($A97="","",SUMIF($B$9:$T$9,">0",$B97:$T97)) | AC97: =IF($A97="","",SUM(B97:E97)) | AD97: =IF($A97="","",SUM(G97:J97)) | AE97: =IF($A97="","",SUM(L97:O97)) | AF97: =IF($A97="","",SUM(Q97:T97)) | AG97: =COUNTIF(AC97:AF97,0) -> 0 | AH97: =IF(SUM(AC97:AF97)=0,"None",CONCATENATE(IF(AC97>0,AC$16&",",""),IF(AD97>0,AD$16&",",""),IF(AE97>0,AE$16&",",""),IF(AF97>0,AF$16,""))) -> None | AI97: =IF(AH97<>"",IF(RIGHT(AH97,1)=",",LEFT(AH97,LEN(AH97)-1),AH97),"None") -> None | AJ97: =IF($A97="","",HLOOKUP($AI97,$AD$3:$AR$9,AD$11,FALSE)) | AK97: =IF($A97="","",HLOOKUP($AI97,$AD$3:$AR$9,AE$11,FALSE)) | AL97: =IF($A97="","",HLOOKUP($AI97,$AD$3:$AR$9,AF$11,FALSE)) | AM97: =IF($A97="","",HLOOKUP($AI97,$AD$3:$AR$9,AG$11,FALSE)) | AN97: =IF($A97="","",HLOOKUP($AI97,$AD$3:$AR$9,AH$11,FALSE)) | AO97: =IF($A97="","",HLOOKUP($AI97,$AD$3:$AR$9,AI$11,FALSE)) | AP97: =SUM(AJ97:AO97) -> 0 | AR97: =$AR84 -> 3,4 | AT97: =AT84*AT32 -> #DIV/0! | AU97: =AU84*AU32 -> #DIV/0! | AV97: =AV84*AV32 -> #DIV/0! | AW97: =AW84*AW32 -> #DIV/0! | AX97: =AX84*AX32 -> #DIV/0! | AY97: =AY84*AY32 -> #DIV/0! | AZ97: =AZ84*AZ32 -> #DIV/0! | BA97: =BA84*BA32 -> #DIV/0! | ... BC97: =BC84*BC32 -> #DIV/0! | BE97: {=MIN(IF(AT97:BC97>0,AT97:BC97))} -> #DIV/0! | BF97: =MATCH(BE97,AT97:BC97,) -> #DIV/0! | BG97: =LOOKUP(BF97,$AT$90:$BC$90,$AT$91:$BC$91) -> #DIV/0!
A98: =IF(ISBLANK(CT!A113),"",CT!A113) | U98: =IF($A98="","",SUM(B98:T98)) | V98: =IF($A98="","",SUMIF($B$4:$T$4,">0",$B98:$T98)) | W98: =IF($A98="","",SUMIF($B$5:$T$5,">0",$B98:$T98)) | X98: =IF($A98="","",SUMIF($B$6:$T$6,">0",$B98:$T98)) | Y98: =IF($A98="","",SUMIF($B$7:$T$7,">0",$B98:$T98)) | Z98: =IF($A98="","",SUMIF($B$8:$T$8,">0",$B98:$T98)) | AA98: =IF($A98="","",SUMIF($B$9:$T$9,">0",$B98:$T98)) | AC98: =IF($A98="","",SUM(B98:E98)) | AD98: =IF($A98="","",SUM(G98:J98)) | AE98: =IF($A98="","",SUM(L98:O98)) | AF98: =IF($A98="","",SUM(Q98:T98)) | AG98: =COUNTIF(AC98:AF98,0) -> 0 | AH98: =IF(SUM(AC98:AF98)=0,"None",CONCATENATE(IF(AC98>0,AC$16&",",""),IF(AD98>0,AD$16&",",""),IF(AE98>0,AE$16&",",""),IF(AF98>0,AF$16,""))) -> None | AI98: =IF(AH98<>"",IF(RIGHT(AH98,1)=",",LEFT(AH98,LEN(AH98)-1),AH98),"None") -> None | AJ98: =IF($A98="","",HLOOKUP($AI98,$AD$3:$AR$9,AD$11,FALSE)) | AK98: =IF($A98="","",HLOOKUP($AI98,$AD$3:$AR$9,AE$11,FALSE)) | AL98: =IF($A98="","",HLOOKUP($AI98,$AD$3:$AR$9,AF$11,FALSE)) | AM98: =IF($A98="","",HLOOKUP($AI98,$AD$3:$AR$9,AG$11,FALSE)) | AN98: =IF($A98="","",HLOOKUP($AI98,$AD$3:$AR$9,AH$11,FALSE)) | AO98: =IF($A98="","",HLOOKUP($AI98,$AD$3:$AR$9,AI$11,FALSE)) | AP98: =SUM(AJ98:AO98) -> 0 | AR98: =$AR85 -> 1 | AT98: =AT85*AT33 -> #DIV/0! | AU98: =AU85*AU33 -> #DIV/0! | AV98: =AV85*AV33 -> #DIV/0! | AW98: =AW85*AW33 -> #DIV/0! | AX98: =AX85*AX33 -> #DIV/0! | AY98: =AY85*AY33 -> #DIV/0! | AZ98: =AZ85*AZ33 -> #DIV/0! | BA98: =BA85*BA33 -> #DIV/0! | ... BC98: =BC85*BC33 -> #DIV/0! | BE98: {=MIN(IF(AT98:BC98>0,AT98:BC98))} -> #DIV/0! | BF98: =MATCH(BE98,AT98:BC98,) -> #DIV/0! | BG98: =LOOKUP(BF98,$AT$90:$BC$90,$AT$91:$BC$91) -> #DIV/0!
A99: =IF(ISBLANK(CT!A114),"",CT!A114) | U99: =IF($A99="","",SUM(B99:T99)) | V99: =IF($A99="","",SUMIF($B$4:$T$4,">0",$B99:$T99)) | W99: =IF($A99="","",SUMIF($B$5:$T$5,">0",$B99:$T99)) | X99: =IF($A99="","",SUMIF($B$6:$T$6,">0",$B99:$T99)) | Y99: =IF($A99="","",SUMIF($B$7:$T$7,">0",$B99:$T99)) | Z99: =IF($A99="","",SUMIF($B$8:$T$8,">0",$B99:$T99)) | AA99: =IF($A99="","",SUMIF($B$9:$T$9,">0",$B99:$T99)) | AC99: =IF($A99="","",SUM(B99:E99)) | AD99: =IF($A99="","",SUM(G99:J99)) | AE99: =IF($A99="","",SUM(L99:O99)) | AF99: =IF($A99="","",SUM(Q99:T99)) | AG99: =COUNTIF(AC99:AF99,0) -> 0 | AH99: =IF(SUM(AC99:AF99)=0,"None",CONCATENATE(IF(AC99>0,AC$16&",",""),IF(AD99>0,AD$16&",",""),IF(AE99>0,AE$16&",",""),IF(AF99>0,AF$16,""))) -> None | AI99: =IF(AH99<>"",IF(RIGHT(AH99,1)=",",LEFT(AH99,LEN(AH99)-1),AH99),"None") -> None | AJ99: =IF($A99="","",HLOOKUP($AI99,$AD$3:$AR$9,AD$11,FALSE)) | AK99: =IF($A99="","",HLOOKUP($AI99,$AD$3:$AR$9,AE$11,FALSE)) | AL99: =IF($A99="","",HLOOKUP($AI99,$AD$3:$AR$9,AF$11,FALSE)) | AM99: =IF($A99="","",HLOOKUP($AI99,$AD$3:$AR$9,AG$11,FALSE)) | AN99: =IF($A99="","",HLOOKUP($AI99,$AD$3:$AR$9,AH$11,FALSE)) | AO99: =IF($A99="","",HLOOKUP($AI99,$AD$3:$AR$9,AI$11,FALSE)) | AP99: =SUM(AJ99:AO99) -> 0 | AR99: =$AR86 -> 2 | AT99: =AT86*AT34 -> #DIV/0! | AU99: =AU86*AU34 -> #DIV/0! | AV99: =AV86*AV34 -> #DIV/0! | AW99: =AW86*AW34 -> #DIV/0! | AX99: =AX86*AX34 -> #DIV/0! | AY99: =AY86*AY34 -> #DIV/0! | AZ99: =AZ86*AZ34 -> #DIV/0! | BA99: =BA86*BA34 -> #DIV/0! | ... BC99: =BC86*BC34 -> #DIV/0! | BE99: {=MIN(IF(AT99:BC99>0,AT99:BC99))} -> #DIV/0! | BF99: =MATCH(BE99,AT99:BC99,) -> #DIV/0! | BG99: =LOOKUP(BF99,$AT$90:$BC$90,$AT$91:$BC$91) -> #DIV/0!
A100: =IF(ISBLANK(CT!A115),"",CT!A115) | U100: =IF($A100="","",SUM(B100:T100)) | V100: =IF($A100="","",SUMIF($B$4:$T$4,">0",$B100:$T100)) | W100: =IF($A100="","",SUMIF($B$5:$T$5,">0",$B100:$T100)) | X100: =IF($A100="","",SUMIF($B$6:$T$6,">0",$B100:$T100)) | Y100: =IF($A100="","",SUMIF($B$7:$T$7,">0",$B100:$T100)) | Z100: =IF($A100="","",SUMIF($B$8:$T$8,">0",$B100:$T100)) | AA100: =IF($A100="","",SUMIF($B$9:$T$9,">0",$B100:$T100)) | AC100: =IF($A100="","",SUM(B100:E100)) | AD100: =IF($A100="","",SUM(G100:J100)) | AE100: =IF($A100="","",SUM(L100:O100)) | AF100: =IF($A100="","",SUM(Q100:T100)) | AG100: =COUNTIF(AC100:AF100,0) -> 0 | AH100: =IF(SUM(AC100:AF100)=0,"None",CONCATENATE(IF(AC100>0,AC$16&",",""),IF(AD100>0,AD$16&",",""),IF(AE100>0,AE$16&",",""),IF(AF100>0,AF$16,""))) -> None | AI100: =IF(AH100<>"",IF(RIGHT(AH100,1)=",",LEFT(AH100,LEN(AH100)-1),AH100),"None") -> None | AJ100: =IF($A100="","",HLOOKUP($AI100,$AD$3:$AR$9,AD$11,FALSE)) | AK100: =IF($A100="","",HLOOKUP($AI100,$AD$3:$AR$9,AE$11,FALSE)) | AL100: =IF($A100="","",HLOOKUP($AI100,$AD$3:$AR$9,AF$11,FALSE)) | AM100: =IF($A100="","",HLOOKUP($AI100,$AD$3:$AR$9,AG$11,FALSE)) | AN100: =IF($A100="","",HLOOKUP($AI100,$AD$3:$AR$9,AH$11,FALSE)) | AO100: =IF($A100="","",HLOOKUP($AI100,$AD$3:$AR$9,AI$11,FALSE)) | AP100: =SUM(AJ100:AO100) -> 0 | AR100: =$AR87 -> 3 | AT100: =AT87*AT35 -> #DIV/0! | AU100: =AU87*AU35 -> #DIV/0! | AV100: =AV87*AV35 -> #DIV/0! | AW100: =AW87*AW35 -> #DIV/0! | AX100: =AX87*AX35 -> #DIV/0! | AY100: =AY87*AY35 -> #DIV/0! | AZ100: =AZ87*AZ35 -> #DIV/0! | BA100: =BA87*BA35 -> #DIV/0! | ... BC100: =BC87*BC35 -> #DIV/0! | BE100: {=MIN(IF(AT100:BC100>0,AT100:BC100))} -> #DIV/0! | BF100: =MATCH(BE100,AT100:BC100,) -> #DIV/0! | BG100: =LOOKUP(BF100,$AT$90:$BC$90,$AT$91:$BC$91) -> #DIV/0!
A101: =IF(ISBLANK(CT!A116),"",CT!A116) | U101: =IF($A101="","",SUM(B101:T101)) | V101: =IF($A101="","",SUMIF($B$4:$T$4,">0",$B101:$T101)) | W101: =IF($A101="","",SUMIF($B$5:$T$5,">0",$B101:$T101)) | X101: =IF($A101="","",SUMIF($B$6:$T$6,">0",$B101:$T101)) | Y101: =IF($A101="","",SUMIF($B$7:$T$7,">0",$B101:$T101)) | Z101: =IF($A101="","",SUMIF($B$8:$T$8,">0",$B101:$T101)) | AA101: =IF($A101="","",SUMIF($B$9:$T$9,">0",$B101:$T101)) | AC101: =IF($A101="","",SUM(B101:E101)) | AD101: =IF($A101="","",SUM(G101:J101)) | AE101: =IF($A101="","",SUM(L101:O101)) | AF101: =IF($A101="","",SUM(Q101:T101)) | AG101: =COUNTIF(AC101:AF101,0) -> 0 | AH101: =IF(SUM(AC101:AF101)=0,"None",CONCATENATE(IF(AC101>0,AC$16&",",""),IF(AD101>0,AD$16&",",""),IF(AE101>0,AE$16&",",""),IF(AF101>0,AF$16,""))) -> None | AI101: =IF(AH101<>"",IF(RIGHT(AH101,1)=",",LEFT(AH101,LEN(AH101)-1),AH101),"None") -> None | AJ101: =IF($A101="","",HLOOKUP($AI101,$AD$3:$AR$9,AD$11,FALSE)) | AK101: =IF($A101="","",HLOOKUP($AI101,$AD$3:$AR$9,AE$11,FALSE)) | AL101: =IF($A101="","",HLOOKUP($AI101,$AD$3:$AR$9,AF$11,FALSE)) | AM101: =IF($A101="","",HLOOKUP($AI101,$AD$3:$AR$9,AG$11,FALSE)) | AN101: =IF($A101="","",HLOOKUP($AI101,$AD$3:$AR$9,AH$11,FALSE)) | AO101: =IF($A101="","",HLOOKUP($AI101,$AD$3:$AR$9,AI$11,FALSE)) | AP101: =SUM(AJ101:AO101) -> 0 | AR101: =$AR88 -> 4 | AT101: =AT88*AT36 -> #DIV/0! | AU101: =AU88*AU36 -> #DIV/0! | AV101: =AV88*AV36 -> #DIV/0! | AW101: =AW88*AW36 -> #DIV/0! | AX101: =AX88*AX36 -> #DIV/0! | AY101: =AY88*AY36 -> #DIV/0! | AZ101: =AZ88*AZ36 -> #DIV/0! | BA101: =BA88*BA36 -> #DIV/0! | ... BC101: =BC88*BC36 -> #DIV/0! | BE101: {=MIN(IF(AT101:BC101>0,AT101:BC101))} -> #DIV/0! | BF101: =MATCH(BE101,AT101:BC101,) -> #DIV/0! | BG101: =LOOKUP(BF101,$AT$90:$BC$90,$AT$91:$BC$91) -> #DIV/0!
...

Sheet SectionB
A1: =CT!A1 -> CSE 2203+CSE 2204: Microprocessor and Microcontroller | BD1: 3 combinations | BF1: Stdev | BG1: =_xlfn.STDEV.P(AD4:AD9) -> 0 | BH1: =_xlfn.STDEV.P(AE4:AE9) -> 0 | BI1: =_xlfn.STDEV.P(AF4:AF9) -> 0 | BJ1: =_xlfn.STDEV.P(AG4:AG9) -> 0 | BK1: =MIN(BG1:BJ1) -> 0 | BM1: None
A2: Allocated marks for Section-B in final question | AD2: 5 | AE2: 6 | AF2: 7 | AG2: 8 | AT2: =SUM(E11,J11) -> 0 | AU2: =SUM(E11,O11) -> 0 | AV2: =SUM(E11,T11) -> 0 | AW2: =SUM(J11,O11) -> 0 | AX2: =SUM(J11,T11) -> 0 | AY2: =SUM(T11,O11) -> 0 | AZ2: =E11 -> 0 | BA2: =J11 -> 0 | BB2: =O11 -> 0 | BC2: =T11 -> 0 | BF2: dist | BG2: =SQRT(SUMXMY2($BF$4:$BF$9,BG4:BG9)) -> #DIV/0! | BH2: =SQRT(SUMXMY2($BF$4:$BF$9,BH4:BH9)) -> #DIV/0! | BI2: =SQRT(SUMXMY2($BF$4:$BF$9,BI4:BI9)) -> #DIV/0! | BJ2: =SQRT(SUMXMY2($BF$4:$BF$9,BJ4:BJ9)) -> #DIV/0! | BK2: =MIN(BG2:BJ2) -> #DIV/0! | BL2: =MATCH(BK2,BG2:BJ2,0) -> #DIV/0! | BM2: {=INDEX(BG3:BJ3,1,BL2)} -> #DIV/0!
A3: CO No. | B3: 5(a) | C3: 5(b) | D3: 5(c) | E3: 5(d) | G3: 6(a) | H3: 6(b) | I3: 6(c) | J3: 6(d) | L3: 7(a) | M3: 7(b) | N3: 7(c) | O3: 7(d) | Q3: 8(a) | R3: 8(b) | S3: 8(c) | T3: 8(d) | AC3: Possible AnsComb | AD3: =AE2&","&AF2&","&AG2 -> 6,7,8 | AE3: =AD2&","&AF2&","&AG2 -> 5,7,8 | AF3: =AD2&","&AE2&","&AG2 -> 5,6,8 | AG3: =AD2&","&AE2&","&AF2 -> 5,6,7 | AH3: =AD2&","&AE2 -> 5,6 | AI3: =AD2&","&AF2 -> 5,7 | AJ3: =AD2&","&AG2 -> 5,8 | AK3: =AE2&","&AF2 -> 6,7 | AL3: =AE2&","&AG2 -> 6,8 | AM3: =AF2&","&AG2 -> 7,8 | AN3: =AD2&"" -> 5 | AO3: =AE2&"" -> 6 | AP3: =AF2&"" -> 7 | AQ3: =AG2&"" -> 8 | AR3: None | AT3: =AH3 -> 5,6 | AU3: =AI3 -> 5,7 | AV3: =AJ3 -> 5,8 | AW3: =AK3 -> 6,7 | AX3: =AL3 -> 6,8 | AY3: =AM3 -> 7,8 | AZ3: =VALUE(AN3) -> 5 | BA3: =AO3 -> 6 | BB3: =AP3 -> 7 | BC3: =AQ3 -> 8 | BD3: =AR3 -> None | BE3: CO msrd | BF3: unit v | BG3: =AD3 -> 6,7,8 | BH3: =AE3 -> 5,7,8 | BI3: =AF3 -> 5,6,8 | BJ3: =AG3 -> 5,6,7
A4: CO1 | V4: Don’t edit green/Blue/Yellow highlighted area | AC4: CO1 | AD4: =SUM(G4:T4) -> 0 | AE4: =SUM(B4,C4,D4,E4,L4,M4,N4,O4,Q4,R4,S4,T4) -> 0 | AF4: =SUM(B4:J4,Q4,R4,S4,T4) -> 0 | AG4: =SUM(B4:O4) -> 0 | AH4: =AT4+LOOKUP(AT$10,$AT$3:$BC$3,$AT4:$BC4) -> #DIV/0! | AI4: =AU4+LOOKUP(AU$10,$AT$3:$BC$3,$AT4:$BC4) -> #DIV/0! | AJ4: =AV4+LOOKUP(AV$10,$AT$3:$BC$3,$AT4:$BC4) -> #DIV/0! | AK4: =AW4+LOOKUP(AW$10,$AT$3:$BC$3,$AT4:$BC4) -> #DIV/0! | AL4: =AX4+LOOKUP(AX$10,$AT$3:$BC$3,$AT4:$BC4) -> #DIV/0! | AM4: =AY4+LOOKUP(AY$10,$AT$3:$BC$3,$AT4:$BC4) -> #DIV/0! | AN4: =AZ4+LOOKUP(AZ$10,$AT$3:$BC$3,$AT4:$BC4) -> #DIV/0! | AO4: =BA4+LOOKUP(BA$10,$AT$3:$BC$3,$AT4:$BC4) -> #DIV/0! | ... AQ4: =BC4+LOOKUP(BC$10,$AT$3:$BC$3,$AT4:$BC4) -> #DIV/0! | AR4: =INDEX(AD4:AG4,1,$AR$11) -> #DIV/0! | AT4: =SUM(B4:J4) -> 0 | AU4: =SUM(B4:E4,L4:O4) -> 0 | AV4: =SUM(B4:E4,Q4:T4) -> 0 | AW4: =SUM(G4:O4) -> 0 | AX4: =SUM(G4:J4,Q4:T4) -> 0 | AY4: =SUM(L4:O4,Q4:T4) -> 0 | AZ4: =SUM(B4:E4) -> 0 | BA4: =SUM(G4:J4) -> 0 | BB4: =SUM(L4:O4) -> 0 | BC4: =SUM(Q4:T4) -> 0 | BE4: =IF(SUM(AD4:AG4),1,0) -> 0 | BF4: =BE4/$BE$10 -> #DIV/0! | BG4: =AD4/SUM(AD$4:AD$9) -> #DIV/0! | BH4: =AE4/SUM(AE$4:AE$9) -> #DIV/0! | BI4: =AF4/SUM(AF$4:AF$9) -> #DIV/0! | BJ4: =AG4/SUM(AG$4:AG$9) -> #DIV/0!
A5: CO2 | AC5: CO2 | AD5: =SUM(G5:T5) -> 0 | AE5: =SUM(B5,C5,D5,E5,L5,M5,N5,O5,Q5,R5,S5,T5) -> 0 | AF5: =SUM(B5:J5,Q5,R5,S5,T5) -> 0 | AG5: =SUM(B5:O5) -> 0 | AH5: =AT5+LOOKUP(AT$10,$AT$3:$BC$3,$AT5:$BC5) -> #DIV/0! | AI5: =AU5+LOOKUP(AU$10,$AT$3:$BC$3,$AT5:$BC5) -> #DIV/0! | AJ5: =AV5+LOOKUP(AV$10,$AT$3:$BC$3,$AT5:$BC5) -> #DIV/0! | AK5: =AW5+LOOKUP(AW$10,$AT$3:$BC$3,$AT5:$BC5) -> #DIV/0! | AL5: =AX5+LOOKUP(AX$10,$AT$3:$BC$3,$AT5:$BC5) -> #DIV/0! | AM5: =AY5+LOOKUP(AY$10,$AT$3:$BC$3,$AT5:$BC5) -> #DIV/0! | AN5: =AZ5+LOOKUP(AZ$10,$AT$3:$BC$3,$AT5:$BC5) -> #DIV/0! | AO5: =BA5+LOOKUP(BA$10,$AT$3:$BC$3,$AT5:$BC5) -> #DIV/0! | ... AQ5: =BC5+LOOKUP(BC$10,$AT$3:$BC$3,$AT5:$BC5) -> #DIV/0! | AR5: =INDEX(AD5:AG5,1,$AR$11) -> #DIV/0! | AT5: =SUM(B5:J5) -> 0 | AU5: =SUM(B5:E5,L5:O5) -> 0 | AV5: =SUM(B5:E5,Q5:T5) -> 0 | AW5: =SUM(G5:O5) -> 0 | AX5: =SUM(G5:J5,Q5:T5) -> 0 | AY5: =SUM(L5:O5,Q5:T5) -> 0 | AZ5: =SUM(B5:E5) -> 0 | BA5: =SUM(G5:J5) -> 0 | BB5: =SUM(L5:O5) -> 0 | BC5: =SUM(Q5:T5) -> 0 | BE5: =IF(SUM(AD5:AG5),1,0) -> 0 | BF5: =BE5/$BE$10 -> #DIV/0! | BG5: =AD5/SUM(AD$4:AD$9) -> #DIV/0! | BH5: =AE5/SUM(AE$4:AE$9) -> #DIV/0! | BI5: =AF5/SUM(AF$4:AF$9) -> #DIV/0! | BJ5: =AG5/SUM(AG$4:AG$9) -> #DIV/0!
A6: CO3 | AC6: CO3 | AD6: =SUM(G6:T6) -> 0 | AE6: =SUM(B6,C6,D6,E6,L6,M6,N6,O6,Q6,R6,S6,T6) -> 0 | AF6: =SUM(B6:J6,Q6,R6,S6,T6) -> 0 | AG6: =SUM(B6:O6) -> 0 | AH6: =AT6+LOOKUP(AT$10,$AT$3:$BC$3,$AT6:$BC6) -> #DIV/0! | AI6: =AU6+LOOKUP(AU$10,$AT$3:$BC$3,$AT6:$BC6) -> #DIV/0! | AJ6: =AV6+LOOKUP(AV$10,$AT$3:$BC$3,$AT6:$BC6) -> #DIV/0! | AK6: =AW6+LOOKUP(AW$10,$AT$3:$BC$3,$AT6:$BC6) -> #DIV/0! | AL6: =AX6+LOOKUP(AX$10,$AT$3:$BC$3,$AT6:$BC6) -> #DIV/0! | AM6: =AY6+LOOKUP(AY$10,$AT$3:$BC$3,$AT6:$BC6) -> #DIV/0! | AN6: =AZ6+LOOKUP(AZ$10,$AT$3:$BC$3,$AT6:$BC6) -> #DIV/0! | AO6: =BA6+LOOKUP(BA$10,$AT$3:$BC$3,$AT6:$BC6) -> #DIV/0! | ... AQ6: =BC6+LOOKUP(BC$10,$AT$3:$BC$3,$AT6:$BC6) -> #DIV/0! | AR6: =INDEX(AD6:AG6,1,$AR$11) -> #DIV/0! | AT6: =SUM(B6:J6) -> 0 | AU6: =SUM(B6:E6,L6:O6) -> 0 | AV6: =SUM(B6:E6,Q6:T6) -> 0 | AW6: =SUM(G6:O6) -> 0 | AX6: =SUM(G6:J6,Q6:T6) -> 0 | AY6: =SUM(L6:O6,Q6:T6) -> 0 | AZ6: =SUM(B6:E6) -> 0 | BA6: =SUM(G6:J6) -> 0 | BB6: =SUM(L6:O6) -> 0 | BC6: =SUM(Q6:T6) -> 0 | BE6: =IF(SUM(AD6:AG6),1,0) -> 0 | BF6: =BE6/$BE$10 -> #DIV/0! | BG6: =AD6/SUM(AD$4:AD$9) -> #DIV/0! | BH6: =AE6/SUM(AE$4:AE$9) -> #DIV/0! | BI6: =AF6/SUM(AF$4:AF$9) -> #DIV/0! | BJ6: =AG6/SUM(AG$4:AG$9) -> #DIV/0!
A7: CO4 | AC7: CO4 | AD7: =SUM(G7:T7) -> 0 | AE7: =SUM(B7,C7,D7,E7,L7,M7,N7,O7,Q7,R7,S7,T7) -> 0 | AF7: =SUM(B7:J7,Q7,R7,S7,T7) -> 0 | AG7: =SUM(B7:O7) -> 0 | AH7: =AT7+LOOKUP(AT$10,$AT$3:$BC$3,$AT7:$BC7) -> #DIV/0! | AI7: =AU7+LOOKUP(AU$10,$AT$3:$BC$3,$AT7:$BC7) -> #DIV/0! | AJ7: =AV7+LOOKUP(AV$10,$AT$3:$BC$3,$AT7:$BC7) -> #DIV/0! | AK7: =AW7+LOOKUP(AW$10,$AT$3:$BC$3,$AT7:$BC7) -> #DIV/0! | AL7: =AX7+LOOKUP(AX$10,$AT$3:$BC$3,$AT7:$BC7) -> #DIV/0! | AM7: =AY7+LOOKUP(AY$10,$AT$3:$BC$3,$AT7:$BC7) -> #DIV/0! | AN7: =AZ7+LOOKUP(AZ$10,$AT$3:$BC$3,$AT7:$BC7) -> #DIV/0! | AO7: =BA7+LOOKUP(BA$10,$AT$3:$BC$3,$AT7:$BC7) -> #DIV/0! | ... AQ7: =BC7+LOOKUP(BC$10,$AT$3:$BC$3,$AT7:$BC7) -> #DIV/0! | AR7: =INDEX(AD7:AG7,1,$AR$11) -> #DIV/0! | AT7: =SUM(B7:J7) -> 0 | AU7: =SUM(B7:E7,L7:O7) -> 0 | AV7: =SUM(B7:E7,Q7:T7) -> 0 | AW7: =SUM(G7:O7) -> 0 | AX7: =SUM(G7:J7,Q7:T7) -> 0 | AY7: =SUM(L7:O7,Q7:T7) -> 0 | AZ7: =SUM(B7:E7) -> 0 | BA7: =SUM(G7:J7) -> 0 | BB7: =SUM(L7:O7) -> 0 | BC7: =SUM(Q7:T7) -> 0 | BE7: =IF(SUM(AD7:AG7),1,0) -> 0 | BF7: =BE7/$BE$10 -> #DIV/0! | BG7: =AD7/SUM(AD$4:AD$9) -> #DIV/0! | BH7: =AE7/SUM(AE$4:AE$9) -> #DIV/0! | BI7: =AF7/SUM(AF$4:AF$9) -> #DIV/0! | BJ7: =AG7/SUM(AG$4:AG$9) -> #DIV/0!
A8: CO5 | AC8: CO5 | AD8: =SUM(G8:T8) -> 0 | AE8: =SUM(B8,C8,D8,E8,L8,M8,N8,O8,Q8,R8,S8,T8) -> 0 | AF8: =SUM(B8:J8,Q8,R8,S8,T8) -> 0 | AG8: =SUM(B8:O8) -> 0 | AH8: =AT8+LOOKUP(AT$10,$AT$3:$BC$3,$AT8:$BC8) -> #DIV/0! | AI8: =AU8+LOOKUP(AU$10,$AT$3:$BC$3,$AT8:$BC8) -> #DIV/0! | AJ8: =AV8+LOOKUP(AV$10,$AT$3:$BC$3,$AT8:$BC8) -> #DIV/0! | AK8: =AW8+LOOKUP(AW$10,$AT$3:$BC$3,$AT8:$BC8) -> #DIV/0! | AL8: =AX8+LOOKUP(AX$10,$AT$3:$BC$3,$AT8:$BC8) -> #DIV/0! | AM8: =AY8+LOOKUP(AY$10,$AT$3:$BC$3,$AT8:$BC8) -> #DIV/0! | AN8: =AZ8+LOOKUP(AZ$10,$AT$3:$BC$3,$AT8:$BC8) -> #DIV/0! | AO8: =BA8+LOOKUP(BA$10,$AT$3:$BC$3,$AT8:$BC8) -> #DIV/0! | ... AQ8: =BC8+LOOKUP(BC$10,$AT$3:$BC$3,$AT8:$BC8) -> #DIV/0! | AR8: =INDEX(AD8:AG8,1,$AR$11) -> #DIV/0! | AT8: =SUM(B8:J8) -> 0 | AU8: =SUM(B8:E8,L8:O8) -> 0 | AV8: =SUM(B8:E8,Q8:T8) -> 0 | AW8: =SUM(G8:O8) -> 0 | AX8: =SUM(G8:J8,Q8:T8) -> 0 | AY8: =SUM(L8:O8,Q8:T8) -> 0 | AZ8: =SUM(B8:E8) -> 0 | BA8: =SUM(G8:J8) -> 0 | BB8: =SUM(L8:O8) -> 0 | BC8: =SUM(Q8:T8) -> 0 | BD8: =MIN(AP8:AS8) -> #DIV/0! | BE8: =IF(SUM(AD8:AG8),1,0) -> 0 | BF8: =BE8/$BE$10 -> #DIV/0! | BG8: =AD8/SUM(AD$4:AD$9) -> #DIV/0! | BH8: =AE8/SUM(AE$4:AE$9) -> #DIV/0! | BI8: =AF8/SUM(AF$4:AF$9) -> #DIV/0! | BJ8: =AG8/SUM(AG$4:AG$9) -> #DIV/0!
A9: CO6 | AC9: CO6 | AD9: =SUM(G9:T9) -> 0 | AE9: =SUM(B9,C9,D9,E9,L9,M9,N9,O9,Q9,R9,S9,T9) -> 0 | AF9: =SUM(B9:J9,Q9,R9,S9,T9) -> 0 | AG9: =SUM(B9:O9) -> 0 | AH9: =AT9+LOOKUP(AT$10,$AT$3:$BC$3,$AT9:$BC9) -> #DIV/0! | AI9: =AU9+LOOKUP(AU$10,$AT$3:$BC$3,$AT9:$BC9) -> #DIV/0! | AJ9: =AV9+LOOKUP(AV$10,$AT$3:$BC$3,$AT9:$BC9) -> #DIV/0! | AK9: =AW9+LOOKUP(AW$10,$AT$3:$BC$3,$AT9:$BC9) -> #DIV/0! | AL9: =AX9+LOOKUP(AX$10,$AT$3:$BC$3,$AT9:$BC9) -> #DIV/0! | AM9: =AY9+LOOKUP(AY$10,$AT$3:$BC$3,$AT9:$BC9) -> #DIV/0! | AN9: =AZ9+LOOKUP(AZ$10,$AT$3:$BC$3,$AT9:$BC9) -> #DIV/0! | AO9: =BA9+LOOKUP(BA$10,$AT$3:$BC$3,$AT9:$BC9) -> #DIV/0! | ... AQ9: =BC9+LOOKUP(BC$10,$AT$3:$BC$3,$AT9:$BC9) -> #DIV/0! | AR9: =INDEX(AD9:AG9,1,$AR$11) -> #DIV/0! | AT9: =SUM(B9:J9) -> 0 | AU9: =SUM(B9:E9,L9:O9) -> 0 | AV9: =SUM(B9:E9,Q9:T9) -> 0 | AW9: =SUM(G9:O9) -> 0 | AX9: =SUM(G9:J9,Q9:T9) -> 0 | AY9: =SUM(L9:O9,Q9:T9) -> 0 | AZ9: =SUM(B9:E9) -> 0 | BA9: =SUM(G9:J9) -> 0 | BB9: =SUM(L9:O9) -> 0 | BC9: =SUM(Q9:T9) -> 0 | BD9: =MIN(AP9:AS9) -> #DIV/0! | BE9: =IF(SUM(AD9:AG9),1,0) -> 0 | BF9: =BE9/$BE$10 -> #DIV/0! | BG9: =AD9/SUM(AD$4:AD$9) -> #DIV/0! | BH9: =AE9/SUM(AE$4:AE$9) -> #DIV/0! | BI9: =AF9/SUM(AF$4:AF$9) -> #DIV/0! | BJ9: =AG9/SUM(AG$4:AG$9) -> #DIV/0!
B10: =SUM(B4:B8) -> 0 | C10: =SUM(C4:C8) -> 0 | D10: =SUM(D4:D8) -> 0 | E10: =SUM(E4:E8) -> 0 | G10: =SUM(G4:G8) -> 0 | H10: =SUM(H4:H8) -> 0 | I10: =SUM(I4:I8) -> 0 | J10: =SUM(J4:J8) -> 0 | L10: =SUM(L4:L8) -> 0 | M10: =SUM(M4:M8) -> 0 | N10: =SUM(N4:N8) -> 0 | O10: =SUM(O4:O8) -> 0 | Q10: =SUM(Q4:Q8) -> 0 | R10: =SUM(R4:R8) -> 0 | S10: =SUM(S4:S8) -> 0 | T10: =SUM(T4:T8) -> 0 | AR10: =BM2 -> #DIV/0! | AT10: =BG92 -> #DIV/0! | AU10: =BG93 -> #DIV/0! | AV10: =BG94 -> #DIV/0! | AW10: =BG95 -> #DIV/0! | AX10: =BG96 -> #DIV/0! | AY10: =BG97 -> #DIV/0! | AZ10: =BG98 -> #DIV/0! | BA10: =BG99 -> #DIV/0! | BB10: =BG100 -> #DIV/0! | BC10: =BG101 -> #DIV/0! | BE10: =SUM(BE4:BE9) -> 0 | BF10: =SUM(BF4:BF9) -> #DIV/0! | BG10: =SUM(BG4:BG9) -> #DIV/0! | BH10: =SUM(BH4:BH9) -> #DIV/0! | BI10: =SUM(BI4:BI9) -> #DIV/0! | BJ10: =SUM(BJ4:BJ9) -> #DIV/0!
E11: =SUM(B10:E10) -> 0 | J11: =SUM(G10:J10) -> 0 | O11: =SUM(L10:O10) -> 0 | T11: =SUM(Q10:T10) -> 0 | AC11: Ret Indx | AD11: 2 | AE11: 3 | AF11: 4 | AG11: 5 | AH11: 6 | AI11: 7 | AR11: =BL2 -> #DIV/0!
B12: =IF(E11,IF(E11<>35,"Total marks mismatch", ""),"") | G12: =IF(J11,IF(J11<>35,"Total marks mismatch", ""),"") | L12: =IF(O11,IF(O11<>35,"Total marks mismatch", ""),"") | Q12: =IF(T11,IF(T11<>35,"Total marks mismatch", ""),"")
AJ14: =IF(SUM(AJ17:AJ141),1,0) -> 0 | AK14: =IF(SUM(AK17:AK141),1,0) -> 0 | AL14: =IF(SUM(AL17:AL141),1,0) -> 0 | AM14: =IF(SUM(AM17:AM141),1,0) -> 0 | AN14: =IF(SUM(AN17:AN141),1,0) -> 0 | AO14: =IF(SUM(AO17:AO141),1,0) -> 0
A15: Obtained marks for Section-B | V15: Total Marks obtained Per CO | AC15: Q.No | AJ15: CO marks distribution per student | AR15: Possible AnsComb | AT15: =AT3 -> 5,6 | AU15: =AU3 -> 5,7 | AV15: =AV3 -> 5,8 | AW15: =AW3 -> 6,7 | AX15: =AX3 -> 6,8 | AY15: =AY3 -> 7,8 | AZ15: =AZ3 -> 5 | BA15: =BA3 -> 6 | ... BD15: =BD3 -> None
A16: Roll | B16: 5(a) | C16: 5(b) | D16: 5(c) | E16: 5(d) | G16: 6(a) | H16: 6(b) | I16: 6(c) | J16: 6(d) | L16: 7(a) | M16: 7(b) | N16: 7(c) | O16: 7(d) | Q16: 8(a) | R16: 8(b) | S16: 8(c) | T16: 8(d) | U16: Total | V16: CO1 | W16: CO2 | X16: CO3 | Y16: CO4 | Z16: CO5 | AA16: CO6 | AC16: =AD2 -> 5 | AD16: =AE2 -> 6 | AE16: =AF2 -> 7 | AF16: =AG2 -> 8 | AG16: ZeroCount | AH16: AnsComb | AJ16: CO1 | AK16: CO2 | AL16: CO3 | AM16: CO4 | AN16: CO5 | AO16: CO6 | AR16: CO1 | AT16: =AT4/AT$2 -> #DIV/0! | AU16: =AU4/AU$2 -> #DIV/0! | AV16: =AV4/AV$2 -> #DIV/0! | AW16: =AW4/AW$2 -> #DIV/0! | AX16: =AX4/AX$2 -> #DIV/0! | AY16: =AY4/AY$2 -> #DIV/0! | AZ16: =AZ4/AZ$2 -> #DIV/0! | BA16: =BA4/BA$2 -> #DIV/0! | ... BC16: =BC4/BC$2 -> #DIV/0! | BD16: =MIN(AO16:AS16) -> 0
A17: =IF(ISBLANK(CT!A32),"",CT!A32) | U17: =IF($A17="","",SUM(B17:T17)) | V17: =IF($A17="","",SUMIF($B$4:$T$4,">0",$B17:$T17)) | W17: =IF($A17="","",SUMIF($B$5:$T$5,">0",$B17:$T17)) | X17: =IF($A17="","",SUMIF($B$6:$T$6,">0",$B17:$T17)) | Y17: =IF($A17="","",SUMIF($B$7:$T$7,">0",$B17:$T17)) | Z17: =IF($A17="","",SUMIF($B$8:$T$8,">0",$B17:$T17)) | AA17: =IF($A17="","",SUMIF($B$9:$T$9,">0",$B17:$T17)) | AC17: =IF($A17="","",SUM(B17:E17)) | AD17: =IF($A17="","",SUM(G17:J17)) | AE17: =IF($A17="","",SUM(L17:O17)) | AF17: =IF($A17="","",SUM(Q17:T17)) | AG17: =COUNTIF(AC17:AF17,0) -> 0 | AH17: =IF(SUM(AC17:AF17)=0,"None",CONCATENATE(IF(AC17>0,AC$16&",",""),IF(AD17>0,AD$16&",",""),IF(AE17>0,AE$16&",",""),IF(AF17>0,AF$16,""))) -> None | AI17: =IF(AH17<>"",IF(RIGHT(AH17,1)=",",LEFT(AH17,LEN(AH17)-1),AH17),"None") -> None | AJ17: =IF($A17="","",HLOOKUP($AI17,$AD$3:$AR$9,AD$11,FALSE)) | AK17: =IF($A17="","",HLOOKUP($AI17,$AD$3:$AR$9,AE$11,FALSE)) | AL17: =IF($A17="","",HLOOKUP($AI17,$AD$3:$AR$9,AF$11,FALSE)) | AM17: =IF($A17="","",HLOOKUP($AI17,$AD$3:$AR$9,AG$11,FALSE)) | AN17: =IF($A17="","",HLOOKUP($AI17,$AD$3:$AR$9,AH$11,FALSE)) | AO17: =IF($A17="","",HLOOKUP($AI17,$AD$3:$AR$9,AI$11,FALSE)) | AP17: =SUM(AJ17:AO17) -> 0 | AR17: CO2 | AT17: =AT5/AT$2 -> #DIV/0! | AU17: =AU5/AU$2 -> #DIV/0! | AV17: =AV5/AV$2 -> #DIV/0! | AW17: =AW5/AW$2 -> #DIV/0! | AX17: =AX5/AX$2 -> #DIV/0! | AY17: =AY5/AY$2 -> #DIV/0! | AZ17: =AZ5/AZ$2 -> #DIV/0! | BA17: =BA5/BA$2 -> #DIV/0! | ... BC17: =BC5/BC$2 -> #DIV/0! | BD17: =MIN(AO17:AS17) -> 0
A18: =IF(ISBLANK(CT!A33),"",CT!A33) | U18: =IF($A18="","",SUM(B18:T18)) | V18: =IF($A18="","",SUMIF($B$4:$T$4,">0",$B18:$T18)) | W18: =IF($A18="","",SUMIF($B$5:$T$5,">0",$B18:$T18)) | X18: =IF($A18="","",SUMIF($B$6:$T$6,">0",$B18:$T18)) | Y18: =IF($A18="","",SUMIF($B$7:$T$7,">0",$B18:$T18)) | Z18: =IF($A18="","",SUMIF($B$8:$T$8,">0",$B18:$T18)) | AA18: =IF($A18="","",SUMIF($B$9:$T$9,">0",$B18:$T18)) | AC18: =IF($A18="","",SUM(B18:E18)) | AD18: =IF($A18="","",SUM(G18:J18)) | AE18: =IF($A18="","",SUM(L18:O18)) | AF18: =IF($A18="","",SUM(Q18:T18)) | AG18: =COUNTIF(AC18:AF18,0) -> 0 | AH18: =IF(SUM(AC18:AF18)=0,"None",CONCATENATE(IF(AC18>0,AC$16&",",""),IF(AD18>0,AD$16&",",""),IF(AE18>0,AE$16&",",""),IF(AF18>0,AF$16,""))) -> None | AI18: =IF(AH18<>"",IF(RIGHT(AH18,1)=",",LEFT(AH18,LEN(AH18)-1),AH18),"None") -> None | AJ18: =IF($A18="","",HLOOKUP($AI18,$AD$3:$AR$9,AD$11,FALSE)) | AK18: =IF($A18="","",HLOOKUP($AI18,$AD$3:$AR$9,AE$11,FALSE)) | AL18: =IF($A18="","",HLOOKUP($AI18,$AD$3:$AR$9,AF$11,FALSE)) | AM18: =IF($A18="","",HLOOKUP($AI18,$AD$3:$AR$9,AG$11,FALSE)) | AN18: =IF($A18="","",HLOOKUP($AI18,$AD$3:$AR$9,AH$11,FALSE)) | AO18: =IF($A18="","",HLOOKUP($AI18,$AD$3:$AR$9,AI$11,FALSE)) | AP18: =SUM(AJ18:AO18) -> 0 | AR18: CO3 | AT18: =AT6/AT$2 -> #DIV/0! | AU18: =AU6/AU$2 -> #DIV/0! | AV18: =AV6/AV$2 -> #DIV/0! | AW18: =AW6/AW$2 -> #DIV/0! | AX18: =AX6/AX$2 -> #DIV/0! | AY18: =AY6/AY$2 -> #DIV/0! | AZ18: =AZ6/AZ$2 -> #DIV/0! | BA18: =BA6/BA$2 -> #DIV/0! | ... BC18: =BC6/BC$2 -> #DIV/0! | BD18: =MIN(AO18:AS18) -> 0
A19: =IF(ISBLANK(CT!A34),"",CT!A34) | U19: =IF($A19="","",SUM(B19:T19)) | V19: =IF($A19="","",SUMIF($B$4:$T$4,">0",$B19:$T19)) | W19: =IF($A19="","",SUMIF($B$5:$T$5,">0",$B19:$T19)) | X19: =IF($A19="","",SUMIF($B$6:$T$6,">0",$B19:$T19)) | Y19: =IF($A19="","",SUMIF($B$7:$T$7,">0",$B19:$T19)) | Z19: =IF($A19="","",SUMIF($B$8:$T$8,">0",$B19:$T19)) | AA19: =IF($A19="","",SUMIF($B$9:$T$9,">0",$B19:$T19)) | AC19: =IF($A19="","",SUM(B19:E19)) | AD19: =IF($A19="","",SUM(G19:J19)) | AE19: =IF($A19="","",SUM(L19:O19)) | AF19: =IF($A19="","",SUM(Q19:T19)) | AG19: =COUNTIF(AC19:AF19,0) -> 0 | AH19: =IF(SUM(AC19:AF19)=0,"None",CONCATENATE(IF(AC19>0,AC$16&",",""),IF(AD19>0,AD$16&",",""),IF(AE19>0,AE$16&",",""),IF(AF19>0,AF$16,""))) -> None | AI19: =IF(AH19<>"",IF(RIGHT(AH19,1)=",",LEFT(AH19,LEN(AH19)-1),AH19),"None") -> None | AJ19: =IF($A19="","",HLOOKUP($AI19,$AD$3:$AR$9,AD$11,FALSE)) | AK19: =IF($A19="","",HLOOKUP($AI19,$AD$3:$AR$9,AE$11,FALSE)) | AL19: =IF($A19="","",HLOOKUP($AI19,$AD$3:$AR$9,AF$11,FALSE)) | AM19: =IF($A19="","",HLOOKUP($AI19,$AD$3:$AR$9,AG$11,FALSE)) | AN19: =IF($A19="","",HLOOKUP($AI19,$AD$3:$AR$9,AH$11,FALSE)) | AO19: =IF($A19="","",HLOOKUP($AI19,$AD$3:$AR$9,AI$11,FALSE)) | AP19: =SUM(AJ19:AO19) -> 0 | AR19: CO4 | AT19: =AT7/AT$2 -> #DIV/0! | AU19: =AU7/AU$2 -> #DIV/0! | AV19: =AV7/AV$2 -> #DIV/0! | AW19: =AW7/AW$2 -> #DIV/0! | AX19: =AX7/AX$2 -> #DIV/0! | AY19: =AY7/AY$2 -> #DIV/0! | AZ19: =AZ7/AZ$2 -> #DIV/0! | BA19: =BA7/BA$2 -> #DIV/0! | ... BC19: =BC7/BC$2 -> #DIV/0! | BD19: =MIN(AO19:AS19) -> 0
